1319,ＮＦ日経３００
1320,ダイワ投信－日経２２５
1321,ＮＦ日経２２５
1322,中国Ａ株（パンダ）
1323,ＮＦ南アフリカ株
1325,ＮＦブラジル株
1326,ＳＰＤＲゴールド・シェア
1328,ＮＦ金価格
1329,ｉシェアーズ・コア２２５
1330,インデックスファンド２２５
1332,日本水産
1333,マルハニチロ
1343,ＮＦＪ－ＲＥＩＴ
1345,上場Ｊリート
1346,ＭＸＳ２２５
1348,ＭＡＸＩＳトピックスＥＴＦ
1349,ＡＢＦ汎アジア債券ＩＤＸ
1356,ＴＯＰＩＸベア２倍ＥＴＦ
1357,ＮＦ日経ダブインバ
1358,上場日経２倍
1360,日経平均ベア２倍
1364,ＩＳＪＰＸ日経４００
1365,大和２２５ダブル
1366,大和２２５ダブルベア
1367,大和ＴＰＸダブル
1368,大和ＴＰＸダブルベア
1369,ＯＮＥＥＴＦ日経２２５
1375,雪国まいたけ
1376,カネコ種苗
1377,サカタのタネ
1379,ホクト
1380,秋川牧園
1381,アクシーズ
1382,ホーブ
1383,ベルグアース
2164,地域新聞社
2168,パソナグループ
2169,ＣＤＳ
2170,リンクアンドモチベーション
2173,博展
2175,エス・エム・エス
2176,イナリサーチ
2178,トライステージ
2179,成学社
2180,サニーサイドアップＧ
2181,パーソルホールディングス
2183,リニカル
2185,シイエム・シイ
2186,ソーバル
2191,テラ
2193,クックパッド
2195,アミタホールディングス
2196,エスクリ
2198,アイ・ケイ・ケイホールディンク
2201,森永製菓
2204,中村屋
2206,江崎グリコ
2207,名糖産業
2208,ブルボン
2209,井村屋グループ
2211,不二家
2212,山崎製パン
2215,第一屋製パン
2216,カンロ
2217,モロゾフ
2220,亀田製菓
2221,岩塚製菓
2222,寿スピリッツ
2224,コモ
2226,湖池屋
2229,カルビー
2264,森永乳業
2266,六甲バター
2267,ヤクルト
2268,Ｂ－Ｒサーティワンアイス
2269,明治ホールディングス
2270,雪印メグミルク
1384,ホクリヨウ
1385,ＵＢＳユーロ圏大型株５０
1386,ＵＢＳＥＴＦ欧州株
1387,ＵＢＳユーロ圏株
1388,ＵＢＳユーロ圏小型株
1389,ＵＢＳ英国大型株１００
1390,ＵＢＳアジア太平洋株
1391,ＵＢＳＥＴＦスイス株
1392,ＵＢＳＥＴＦ英国株
1393,ＵＢＳＥＴＦ米国株
1394,ＵＢＳＥＴＦ先進国株
1301,極洋
1305,ダイワ投信－トピックス
1306,ＮＦＴＯＰＩＸ
1308,インデックスＦＴＯＰＩＸ
1309,ＮＦ中国株上証５０
1311,ＮＦＴＰＸ３０
1312,ＮＦＲＮ小型コア
1313,サムスンＫＯＤＥＸ２００
1397,ＳＭＤＡＭ日経２２５
1398,ＳＭＤＡＭ東証ＲＥＩＴ指
1399,上場高配当低ボラ
1400,ルーデン・ホールディングス
1401,エムビーエス
1407,ウエストホールディングス
1414,ショーボンドＨＤ
1417,ミライト・ホールディングス
1418,インターライフホールディング
1419,タマホーム
1420,サンヨーホームズ
1429,日本アクア
1430,ファーストコーポレーション
1431,ＬｉｂＷｏｒｋ
1433,ベステラ
1434,ＪＥＳＣＯホールディングス
1435,ＲＯＢＯＴＨＯＭＥ
1436,フィット
1439,安江工務店
1443,技研ホールディングス
1446,キャンディル
1447,ＩＴＢＯＯＫホールディングス
1450,田中建設工業
1451,ＫＨＣ
1456,ダイワ－２２５インバース
1457,ダイワ－ＴＯＰＩＸインバース
1458,楽天２２５ダブルブル
1459,楽天２２５ダブルベア
1464,大和Ｊ４００ダブルブル
1465,大和ＪＰＸ４００ベア
1466,大和Ｊ４００ダブルベア
1467,ＪＰＸ日経４００ブル２倍
1468,ＪＰＸ日経４００ベア
1469,ＪＰＸ日経４００ベア２倍
1472,ＮＦＪ４００Ｄインバ
1473,ＯＮＥＥＴＦトピックス
1474,ＯＮＥＥＴＦＪＰＸ４００
1475,Ｉシェアーズ・コアＴＯＰＩＸ
1476,Ｉシェアーズ・コアＪリート
1477,ＩＳＭＳＣＩ最小分散
1478,ＩＳＭＳＣＩ高配当ＥＴＦ
1479,ダイワＭＳＣＩ人材設備
1480,ＮＦ企業価値
1481,上場日本経済貢献
1482,ＩＳ米国債７－１０ヘッジ
1483,ＩＳ設備・人材投資
1484,ＯＮＥ設備人材投資
1485,ＭＸＳＪ積極投資
1486,上場米債ヘッジなし
1487,上場米債ヘッジあり
1488,ダイワ東証ＲＥＩＴ指数
1489,ＮＦ日経高配当５０
1490,上場高配ベータヘッジ
1491,中外鉱業
1492,ＭＸＳＪＰＸ中小型
1493,ＯＮＥＪＰＸ日経中小型
1494,ＯＮＥ高配当日本株
1495,上場アジアリート
1496,ＩＳ米＄ＩＧ社債ヘジ
1497,ＩＳ米＄ＨＹ社債ヘジ
1498,ＯＮＥＥＴＦＥＳＧ
1499,ＭＡＸＩＳ高配当７０ＭＮ
1514,住石ホールディングス
1515,日鉄鉱業
1518,三井松島ＨＬＤＧＳ
1540,純金上場信託
1541,純プラチナ上場信託
1542,純銀上場信託
1543,純パラジウム上場信
1545,ＮＦナスダックヘッジ無
1546,ＮＦダウヘッジ無
1547,上場米国株式
1550,ＭＡＸＩＳ海外株式
1551,ＪＡＳＤＡＱ－ＴＯＰ２０投信
1552,国際のＥＴＦＶＩＸ
1554,上場ＭＳ世界株
1555,上場豪州リート
1557,ＳＰＤＲＳ＆Ｐ５００ＥＴＦ
1559,ＮＦタイ株
1560,ＮＦマレーシア株
1563,マザーズコア上場投信
1566,上場新興国債券
1568,ＴＯＰＩＸブル２倍投信
1569,ＴＯＰＩＸベア上場投信
1570,ＮＦ日経レバ
1571,ＮＦ日経インバ
1572,中国Ｈ株ブル２倍
1573,中国Ｈ株ベア
1575,ＣＨＡＭＣＣＳＩ３００ＪＤＲ
1577,ＮＦ日本高配当７０
1578,インデックスＦ２２５ミニ
1579,日経平均ブル２倍
1580,日経平均ベア
1584,サムスンＫＯＤＥＸサムスンＧ株
1585,ダイワ投信ＴＰＸＥＸ－Ｆ
1586,上場ＴＰＸＥＸ－Ｆ
1591,ＮＦＪＰＸ４００
1592,上場ＪＰＸ日経４００
1593,ＭＸＳ４００
1595,ＮＺＡＭＪリート
1596,ＮＺＡＭＥＸ－Ｆ
1597,ＭＡＸＩＳＪリート
1599,大和ＪＰＸ日経４００
1605,ＩＮＰＥＸ
1615,ＮＦ銀行業
1617,ＮＦ食品Ｔ１７
1618,ＮＦエネ資源Ｔ１７
1619,ＮＦ建設資材Ｔ１７
1620,ＮＦ素材化学Ｔ１７
1621,ＮＦ医薬品Ｔ１７
1622,ＮＦ自動車Ｔ１７
1623,ＮＦ鉄鋼非鉄Ｔ１７
1624,ＮＦ機械Ｔ１７
1625,ＮＦ電機精密Ｔ１７
1626,ＮＦ情通・他Ｔ１７
1627,ＮＦ電力ガスＴ１７
1628,ＮＦ運輸物流Ｔ１７
1629,ＮＦ商社卸売Ｔ１７
1630,ＮＦ小売Ｔ１７
1631,ＮＦ銀行Ｔ１７
1632,ＮＦ金融Ｔ１７
1633,ＮＦ不動産Ｔ１７
1651,ダイワＴＰＸ高配当４０
1652,ダイワ女性活躍指数
1653,ダイワＥＳＧセレクトリーダー
1654,ダイワＢＬＯＳＳＯＭＪＰＮ
1655,ＩＳＳ＆Ｐ５００米国株
1656,ＩＳ米国債７－１０ＥＴＦ
1657,ＩＳＭＳＣＩ先進国株
1658,ＩＳＭＳＣＩ新興国株
1659,ＩＳ米国リートＥＴＦ
1660,ＭＸＳ高利Ｊリート
1662,石油資源開発
1663,Ｋ＆Ｏエナジーグループ
1671,ＷＴＩ原油ＥＴＦ
1672,ＷＴ金上場投信
1673,ＷＴ銀上場投信
1674,ＷＴ白金上場投信
1675,ＷＴパラジウム投信
1676,ＷＴ貴金属バスケット
1677,上場外債
1678,ＮＦインド株
1679,ＳＩＭＰＬＥ－ＸＮＹダウ
1680,上場海外先進国
1681,上場海外新興国
1682,ＮＦプラチナ先物
1684,ＷＴブロード上場投信
1685,ＷＴエネルギー上場投信
1686,ＷＴ産業用金属投信
1687,ＷＴ農産物上場投信
1688,ＷＴ穀物上場投信
1689,ＷＴ天然ガス上場投
1690,ＷＴＷＴＩ原油上場投
1691,ＷＴガソリン上場投信
1692,ＷＴアルミニウム上場投信
1693,ＷＴ銅上場投信
1694,ＷＴニッケル上場投信
1695,ＷＴ小麦上場投信
1696,ＷＴとうもろこし
1697,ＷＴ大豆上場投信
1698,上場日本高配当
1699,ＮＦ原油先物
1711,ＳＤＳホールディングス
1712,ダイセキ環境ソリューション
1716,第一カッター興業
1717,明豊ファシリティワークス
1718,美樹工業
1719,安藤・間
1720,東急建設
1721,コムシスホールディングス
1723,日本電技
1724,シンクレイヤ
1726,ビーアールホールディングス
1730,麻生フオームクリート
1736,オーテック
1739,メルディアＤＣ
1743,コーアツ工業
1757,中小企業ホールディンク
1758,太洋基礎工業
1762,高松コンストラクショングループ
1764,工藤建設
1766,東建コーポレーション
1768,ソネック
1770,藤田エンジ
1773,ＹＴＬ
1775,富士古河Ｅ＆Ｃ
1776,三井住建道路
1780,ヤマウラ
1783,アジアゲートＨＬＤＧＳ
1786,オリエンタル白石
1787,ナカボーテック
1788,三東工業社
1789,ＥＴＳホールディングス
1793,大本組
1795,マサル
1798,守谷商会
1799,第一建設工業
1801,大成建設
1802,大林組
1803,清水建設
1805,飛島建設
1807,佐藤渡辺
1808,長谷工コーポレーシヨン
1810,松井建設
1811,錢高組
1812,鹿島建設
1813,不動テトラ
1814,大末建設
1815,鉄建建設
1820,西松建設
1821,三井住友建設
1822,大豊建設
1826,佐田建設
1827,ナカノフドー建設
1828,田辺工業
1833,奥村組
1835,東鉄工業
1840,土屋ホールディングス
1841,サンユー建設
1844,大盛工業
1847,イチケン
1848,富士ピー・エス
1850,南海辰村建設
1852,淺沼組
1853,森組
1860,戸田建設
1861,熊谷組
1866,北野建設
1867,植木組
1870,矢作建設
1871,ピーエス三菱
1873,日本ハウスＨＬＤＧＳ
1878,大東建託
1879,新日本建設
1882,東亜道路
1884,日本道路
1885,東亜建設
1887,日本国土開発
1888,若築建設
1890,東洋建設
1893,五洋建設
1897,金下建設
1898,世紀東急
1899,福田組
1904,大成温調
1905,テノックス
1909,日本ドライケミカル
1911,住友林業
1914,日本基礎技術
1921,巴コーポレーション
1925,大和ハウス
1926,ライト工業
1928,積水ハウス
1929,日特建設
1930,北陸電気工事
1934,ユアテック
1938,日本リーテック
1939,四電工
1941,中電工
1942,関電工
1944,きんでん
1945,東京エネシス
1946,トーエネック
1948,弘電社
1949,住友電設
1950,日本電設工業
1951,エクシオグループ
1952,新日本空調
1954,日本工営
1959,九電工
1960,サンテック
1961,三機工業
1963,日揮ホールディングス
1964,中外炉工業
1965,テクノ菱和
1966,高田工業所
1967,ヤマト
1968,太平電業
1969,高砂熱学
1971,中央ビルト工業
1972,三晃金属
1973,ＮＥＣネッツエスアイ
1975,朝日工業社
1976,明星工業
1979,大氣社
1980,ダイダン
1981,協和日成
1982,日比谷総合設備
1992,神田通信機
1994,高橋カーテンウォール
1997,暁飯島工業
2001,ニップン
2002,日清製粉Ｇ本社
2003,日東富士製粉
2004,昭和産業
2009,鳥越製粉
2031,ＮＮＨＳＩブルＥＴＮ
2032,ＮＮＨＳＩベアＥＴＮ
2033,ＮＮＫＯＳＰＩブルＥＴＮ
2034,ＮＮＫＯＳＰＩベアＥＴＮ
2036,ＮＮ金ダブル・ブルＥＴＮ
2037,ＮＮ金先物ベアＥＴＮ
2038,ＮＮ原油ダブル・ブル
2039,ＮＮ原油ベアＥＴＮ
2040,ＮＮＮＹダウブルＥＴＮ
2041,ＮＮＮＹダウベアＥＴＮ
2042,ＮＮ東証マザーズＥＴＮ
2043,アセアン５０ＥＴＮ
2044,米国配当貴族ＥＴＮ
2045,シンガポールリートＥＴＮ
2046,ＮＮインドブルＥＴＮ
2047,ＮＮインドベアＥＴＮ
2048,日本高配当７０ＥＴＮ
2050,ＮＮニッチトップ中小型
2053,中部飼料
2055,日和産業
2060,フィード・ワン
2065,ＮＮ日本株配当ＥＴＮ
2066,ＮＮ東証ＲＥＩＴＥＴＮ
2067,ＮＮ野村ＡＩビジネス７０
2068,ＮＮ高ベータ３０ＥＴＮ
2069,ＮＮ低ベータ５０ＥＴＮ
2070,ＥＳＧ女性活躍ＥＴＮ
2071,ＥＳＧ総合ＥＴＮ
2072,トップシェアＥＴＮ
2073,ＥＳＧ低カーボンＥＴＮ
2107,東洋精糖
2108,日本甜菜糖
2109,ＤＭ三井製糖ホールディ
2112,塩水港精糖
2114,フジ日本精糖
2117,日新製糖
2120,ＬＩＦＵＬＬ
2121,ミクシィ
2122,インタースペース
2124,ジェイエイシーリクルートメント
2127,日本Ｍ＆Ａセンターホールデ
2130,メンバーズ
2134,燦キャピタルマネージメント
2136,ヒップ
2138,クルーズ
2139,中広
2146,ＵＴグループ
2148,アイティメディア
2150,ケアネット
2152,幼児活動研究会
2153,Ｅ・Ｊホールディングス
2154,夢真ビーネックスグルーフ
2156,セーラー広告
2157,コシダカホールディングス
2158,ＦＲＯＮＴＥＯ
2159,フルスピード
2160,ジーエヌアイグループ
2162,ＮＭＳホールディングス
2163,アルトナー
2281,プリマハム
2282,日本ハム
2286,林兼産業
2288,丸大食品
2291,福留ハム
2292,ＳＦｏｏｄｓ
2293,滝沢ハム
2294,柿安本店
2296,伊藤ハム米久ＨＬＤＧＳ
2300,きょくとう
2301,学情
2303,ドーン
2304,ＣＳＳホールディングス
2305,スタジオアリス
2307,クロスキャット
2309,シミックホールディングス
2311,エプコ
2315,ＣＡＩＣＡＤＩＧＩＴＡＬ
2317,システナ
2321,ソフトフロントＨＬＤＧＳ
2323,ｆｏｎｆｕｎ
2325,ＮＪＳ
2326,デジタルアーツ
2327,日鉄ソリューションズ
2329,東北新社
2330,フォーサイド
2331,綜合警備保障
2332,クエスト
2334,イオレ
2335,キューブシステム
2337,いちご
2338,クオンタムソリューションズ
2340,極楽湯ホールディングス
2341,アルバイトタイムス
2342,トランスジェニック
2344,平安レイサービス
2345,クシム
2349,エヌアイデイ
2351,ＡＳＪ
2352,ＷＯＷＷＯＲＬＤ
2353,日本駐車場開発
2354,ＹＥＤＩＧＩＴＡＬ
2359,コア
2370,メディネット
2371,カカクコム
2372,アイロムグループ
2373,ケア２１
2374,セントケア・ホールディング
2375,ギグワークス
2376,サイネックス
2378,ルネサンス
2379,ディップ
2384,ＳＢＳホールディングス
2385,総医研ホールディングス
2388,ウェッジホールディングス
2389,デジタルホールディングス
2391,プラネット
2393,日本ケアサプライ
2395,新日本科学
2397,ＤＮＡチップ研究所
2402,アマナ
2404,鉄人化計画
2408,ＫＧ情報
2410,キャリアデザインセンター
2411,ゲンダイエージェンシー
2412,ベネフィット・ワン
2413,エムスリー
2415,ヒューマンホールディングス
2418,ツカダ・グローバルＨＯＬＤ
2424,ブラス
2425,ケアサービス
2427,アウトソーシング
2428,ウェルネット
2429,ワールドホールディングス
2432,ディー・エヌ・エー
2433,博報堂ＤＹＨＬＤＧＳ
2435,シダー
2436,共同ピーアール
2437,ＳＨＩＮＷＡＷＩＳＥＨＤ
2438,アスカネット
2440,ぐるなび
2445,タカミヤ
2449,プラップジャパン
2453,ジャパンベストレスキューＳ
2454,オールアバウト
2459,アウンコンサルティング
2461,ファンコミュニケーションズ
2462,ライク
2464,ビジネス・ブレークスルー
2468,フュートレック
2469,ヒビノ
2471,エスプール
2475,ＷＤＢホールディングス
2477,手間いらず
2479,ジェイテック
2480,システム・ロケーション
2481,タウンニュース社
2483,翻訳センター
2484,出前館
2485,ティア
2487,ＣＤＧ
2488,ＪＴＰ
2489,アドウェイズ
2491,バリューコマース
2492,インフォマート
2493,イーサポートリンク
2497,ユナイテッド
2498,オリエンタルコンサルタンツＨＤ
2499,日本和装ＨＬＤＧＳ
2501,サッポロホールディングス
2502,アサヒグループホールディン
2503,キリンＨＤ
2510,ＮＦ国内債券
2511,ＮＦ外債ヘッジ無
2512,ＮＦ外債ヘッジ有
2513,ＮＦ外株ヘッジ無
2514,ＮＦ外株ヘッジ有
2515,ＮＦ外ＲＥＩＴへ無
2516,東証マザーズＥＴＦ
2517,ＭＸＳＪリートコア
2518,ＮＦ日本株女性活躍
2519,ＮＦ新興国債券ヘ無
2520,ＮＦ新興国株式ヘ無
2521,上場米国株ヘッジ有
2522,ＩＳオートメーション＆ロボット
2523,ＭＸＳトピ除く金融
2524,ＮＺＡＭＴＯＰＩＸ
2525,ＮＺＡＭ日経２２５
2526,ＮＺＡＭＪＰＸ日経４００
2527,ＮＺＡＭＪ－ＲＥＩＴコアＩＤＸ
2528,ダイワＪリートコア
2529,ＮＦ株主還元７０
2530,ＭＸＳ中国Ａ株１８０
2531,宝ホールディングス
2533,オエノンホールディングス
2540,養命酒
2552,上場Ｊリート（ミニ）
2553,ＯＮＥ・ＣＳＩ５００
2554,ＮＦ米社債ヘ有
2555,東証ＲＥＩＴＥＴＦ
2556,ＯＮＥＥＴＦ東証ＲＥＩＴ
2557,ＳＭＤＡＭトピックス投信
2558,ＭＸＳ米株Ｓ＆Ｐ５００
2559,ＭＸＳ全世界株式
2560,ＭＸＳカーボン日本株
2561,ＩＳ日本国債ＥＴＦ
2562,上場ダウヘッジあり
2563,ＩＳＳ＆Ｐ５００米国株ヘ
2564,ＧＸスーパーディビＥＴＦ
2565,ＧＸロジＪリートＥＴＦ
2566,上場ＥＳＧリート
2567,ＮＺＡＭカーボン
2568,上場ＮＳＱ１００ヘッジ無
2569,上場ＮＳＱ１００ヘッジ有
2573,北海道コカ・コ－ラ
2579,コカ・コーラボトラーズＪＨＤ
2585,ライフドリンクカンパニー
2586,フルッタフルッタ
2587,サントリー食品インター
2588,プレミアムウォーターＨＬＤＧＳ
2590,ダイドーグループＨＤ
2593,伊藤園
2594,キーコーヒー
2597,ユニカフェ
2599,ジャパンフーズ
2602,日清オイリオグループ
2607,不二製油グループ
2612,かどや製油
2613,Ｊ－オイルミルズ
2620,ＩＳ米国債１－３年ＥＴＦ
2621,ＩＳ米国債２０年ヘッジ
2622,ＩＳ米ドル新興債ヘジ
2623,ＩＳユーロ建社債ヘッジ
2624,ＩＦＲＥＥＥＴＦ日経２２５
2625,ＩＦＲＥＥＥＴＦＴＯＰＩＸ
2626,ＧＸデジタル日株ＥＴＦ
2627,ＧＸＥコマース日株ＥＴＦ
2628,ＩＦ中国科創板５０
2629,ＩＦ中国ＧＢＡ１００
2630,ＭＸＳ米株ＳＰ５ヘ有
2631,ＭＸＳナスダック１００ＥＴＦ
2632,ＭＸＳナスダック１００ヘ有
2633,ＮＦＳ＆Ｐ５００ヘッジ無
2634,ＮＦＳ＆Ｐ５００ヘッジ有
2635,ＮＦＳ＆Ｐ５００ＥＳＧ
2636,ＧＸガバナンス日株ＥＴＦ
2637,ＧＸクリーン日株ＥＴＦ
2638,ＧＸロボ＆ＡＩ日株ＥＴＦ
2639,ＧＸバイオ＆メド日株ＥＴ
2640,ＧＸゲームアニメ日株ＥＴＦ
2641,ＧＸＧリーダーズ日株ＥＴ
2642,ＳＭＴカーボン・エフィシェント
2643,ＭＳＣＩ日本株ＥＳＧ
2644,ＧＸ半導体日株
2645,ＧＸレジ＆エンタ日株
2646,ＧＸメタルビジ日株
2647,ＮＦ米債７－１０ヘッジ無
2648,ＮＦ米債７－１０ヘッジ有
2649,ＩＳＧＮＭＡ債ヘジ
2651,ローソン
2652,まんだらけ
2653,イオン九州
2654,アスモ
2656,ベクター
2659,サンエー
2664,カワチ薬品
2666,オートウェーブ
2667,イメージワン
2668,タビオ
2669,カネ美食品
2670,エービーシー・マート
2673,夢みつけ隊
2674,ハードオフコーポレーション
2676,高千穂交易
2678,アスクル
2681,ゲオホールディングス
2683,魚喜
2685,アダストリア
2686,ジーフット
2687,シー・ヴイ・エス・ベイエリア
2689,オルバヘルスケアＨＬＤＧＳ
2692,伊藤忠食品
2693,ＹＫＴ
2694,焼肉坂井ホールディンク
2695,くら寿司
2698,キャンドゥ
2700,木徳神糧
2702,日本マクドナルドＨＬＤＧ
2705,大戸屋ホールディングス
2706,ブロッコリー
2708,久世
2715,エレマテック
2721,ジェイホールディングス
2722,アイケイ
2726,パルグループＨＬＤＧＳ
2730,エディオン
2733,あらた
2734,サーラコーポレーション
2735,ワッツ
2736,フェスタリアＨＬＤＧＳ
2737,トーメンデバイス
2742,ハローズ
2743,ピクセルカンパニーズ
2747,北雄ラッキー
2749,ＪＰホールディングス
2750,石光商事
2751,テンポスホールディングス
2752,フジオフードＧ本社
2753,あみやき亭
2754,東葛ホールディングス
2760,東京エレクトロンデバイス
2761,トシン・グループ
2762,ＳＡＮＫＯＭＡＲＫＥＴＩＮＧ
2763,エフティグループ
2764,ひらまつ
2767,フィールズ
2768,双日
2769,ヴィレッジヴァンガード
2773,ミューチュアル
2776,新都ホールディングス
2777,カッシーナ・イクスシー
2778,パレモ・ホールディングス
2780,コメ兵ＨＬＤＧＳ
2782,セリア
2784,アルフレッサホールディングス
2788,アップルインターナショナル
2789,カルラ
2790,ナフコ
2791,大黒天物産
2792,ハニーズホールディングス
2795,日本プリメックス
2796,ファーマライズＨＤ
2798,ワイズテーブルコーポ
2801,キッコーマン
2802,味の素
2804,ブルドツクソ－ス
2805,エスビー食品
2806,ユタカフーズ
2809,キユーピー
2810,ハウス食品Ｇ本社
2811,カゴメ
2812,焼津水産化工
2813,和弘食品
2814,佐藤食品工業
2815,アリアケジャパン
2816,ダイショー
2818,ピエトロ
2819,エバラ食品工業
2820,やまみ
2830,アヲハタ
2831,はごろもフーズ
2836,ＧＸフィンテック日株
2837,ＧＸ中小リーダー日株
2838,ＭＸ米債７－１０へ無
2839,ＭＸ米債７－１０へ有
2840,ＩＦナス１００Ｈ無
2841,ＩＦナス１００Ｈ有
2842,ＩＦナス１００ベア
2843,上場豪債ヘッジあり
2844,上場豪債ヘッジなし
2845,ＮＦナスダックヘッジ有
2846,ＮＦダウヘッジ有
2847,ＧＸ成長インフラ日株
2848,ＧＸ気候変動日株
2849,ＧＸ高配当ＥＳＧ日株
2850,ソラクティブ日ＥＳＧ
2852,ＩＳグリーンＪリートＥＴＦ
2853,ＩＳ気候外国債券へ
2871,ニチレイ
2872,セイヒョー
2874,横浜冷凍
2875,東洋水産
2876,デルソーレ
2877,日東ベスト
2882,イートアンドＨＬＤＧＳ
2883,大冷
2884,ヨシムラ・フード・ＨＬＤＧＳ
2892,日本食品化工
2894,石井食品
2897,日清食品ＨＤ
2899,永谷園ホールディングス
2901,石垣食品
2903,シノブフーズ
2904,一正蒲鉾
2905,オーケー食品工業
2907,あじかん
2908,フジッコ
2910,ロックフィールド
2911,旭松食品
2914,日本たばこ産業
2915,ケンコーマヨネーズ
2916,仙波糖化工業
2917,大森屋
2918,わらべや日洋ＨＤ
2922,なとり
2923,サトウ食品
2924,イフジ産業
2925,ピックルスコーポレーション
2926,篠崎屋
2927,ＡＦＣ－ＨＤアムスライフサイエン
2929,ファーマフーズ
2930,北の達人コーポ
2931,ユーグレナ
2932,ＳＴＩフードＨＤ
2933,紀文食品
2934,ジェイフロンティア
2961,日本調理機
2970,グッドライフカンパニー
2971,エスコンジャパンリート
2972,サンケイリアルエステート
2975,スター・マイカ・ＨＬＤＧＳ
2978,ツクルバ
2979,ＳＯＳＩＬＡ物流リート投
2980,ＳＲＥホールディングス
2981,ランディックス
2982,ＡＤワークスグループ
2983,アールプランナー
2984,ヤマイチ・ユニハイムエステート
2986,ＬＡホールディングス
2987,タスキ
2989,東海道リート投資法
2991,ランドネット
2993,長栄
2997,ストレージ王
2998,クリアル
2999,ホームポジション
3001,片倉工業
3002,グンゼ
3003,ヒューリック
3004,神栄
3010,ポラリス・ホールディングス
3011,バナーズ
3020,アプライド
3021,パシフィックネット
3023,ラサ商事
3024,クリエイト
3028,アルペン
3030,ハブ
3031,ラクーンホールディングス
3034,クオールホールディングス
3035,ケイティケイ
3036,アルコニックス
3038,神戸物産
3040,ソリトンシステムズ
3041,ビューティ花壇
3042,セキュアヴェイル
3045,カワサキ
3046,ジンズホールディングス
3048,ビックカメラ
3050,ＤＣＭホールディングス
3053,ペッパーフードサービス
3054,ハイパー
3058,三洋堂ホールディングス
3059,ヒラキ
3063,ジェイグループＨＤ
3064,ＭｏｎｏｔａＲＯ
3065,ライフフーズ
3067,東京一番フーズ
3068,ＷＤＩ
3069,ＪＦＬＡホールディングス
3070,アマガサ
3071,ストリーム
3073,ＤＤホールディングス
3075,銚子丸
3076,あいホールディングス
3077,ホリイフードサービス
3079,ディーブイエックス
3080,ジェーソン
3082,きちりホールディングス
3083,シーズメン
3085,アークランドサービスＨＤ
3086,Ｊ．フロントリテイリング
3087,ドトール・日レスＨＤ
3088,マツキヨココカラ＆カンパニー
3089,テクノアルファ
3091,ブロンコビリー
3092,ＺＯＺＯ
3093,トレジャー・ファクトリー
3094,スーパーバリュー
3096,オーシャンシステム
3097,物語コーポレーション
3099,三越伊勢丹ＨＤ
3101,東洋紡
3103,ユニチカ
3104,富士紡ホールディングス
3105,日清紡ホールディングス
3106,倉敷紡績
3107,ダイワボウＨＤ
3109,シキボウ
3110,日東紡績
3111,オーミケンシ
3113,ＯＡＫキャピタル
3116,トヨタ紡織
3121,マーチャント・バンカーズ
3123,サイボー
3131,シンデン・ハイテックス
3132,マクニカ・富士エレＨＬＤＧＳ
3133,海帆
3134,Ｈａｍｅｅ
3135,マーケットエンタープライズ
3137,ファンデリー
3138,富士山マガジン
3139,ラクト・ジャパン
3140,ＢＲＵＮＯ
3141,ウエルシアＨＤ
3143,オーウイル
3148,クリエイトＳＤＨ
3150,グリムス
3151,バイタルＫＳＫＨＤ
3153,八洲電機
3154,メディアスホールディングス
3156,レスターホールディングス
3157,ジューテックＨＤ
3159,丸善ＣＨＩＨＤ
3160,大光
3161,アゼアス
3166,ＯＣＨＩホールディングス
3167,ＴＯＫＡＩホールディングス
3168,黒谷
3169,ミサワ
3172,ティーライフ
3173,Ｃｏｍｉｎｉｘ
3174,ハピネス・アンド・ディ
3175,エー・ピーホールディングス
3176,三洋貿易
3177,ありがとうサービス
3178,チムニー
3179,シュッピン
3180,ビューティガレージ
3181,買取王国
3182,オイシックス・ラ・大地
3183,ウイン・パートナーズ
3184,ＩＣＤＡホールディングス
3185,夢展望
3186,ネクステージ
3187,サンワカンパニー
3189,ＡＮＡＰ
3190,ホットマン
3191,ジョイフル本田
3192,白鳩
3193,鳥貴族ホールディングス
3195,ジェネレーションパス
3196,ホットランド
3197,すかいらーくＨＤ
3198,ＳＦＰホールディングス
3199,綿半ホールディングス
3201,日本毛織
3202,ダイトウボウ
3204,トーア紡コーポレーション
3205,ダイドーリミテツド
3221,ヨシックスホールディングス
3222,ユナイテッド・スーパーマーケ
3223,エスエルディー
3224,ゼネラル・オイスター
3226,日本アコモデーションＦ
3228,三栄建築設計
3231,野村不動産ＨＬＤＧＳ
3232,三重交通グループＨＤ
3234,森ヒルズリート
3236,プロパスト
3237,イントランス
3238,セントラル総合開発
3241,ウィル
3242,アーバネットコーポレーション
3244,サムティ
3245,ディア・ライフ
3246,コーセーアールイー
3248,アールエイジ
3249,産業ファンド
3252,地主
3254,プレサンスコーポレーション
3261,グランディーズ
3264,アスコット
3266,ファンドクリエーションＧＰ
3267,フィル・カンパニー
3269,アドバンス・レジデンス
3271,ＴＨＥグローバル社
3275,ハウスコム
3276,ＪＰＭＣ
3277,サンセイランディック
3278,ケネディクスレジデンシャル
3279,ＡＰＩ投資法人
3280,エストラスト
3281,ＧＬＰ投資法人
3282,コンフォリア・レジデンシャル
3283,日本プロロジスリート
3284,フージャースＨＤ
3286,トラストホールディングス
3287,星野リゾート・リート
3288,オープンハウスグループ
3289,東急不動産ＨＤ
3290,ＯＮＥリート投資法人
3291,飯田ＧＨＤ
3292,イオンリート投資
3293,アズマハウス
3294,イーグランド
3295,ヒューリックリート投資法
3296,日本リート投資法人
3297,東武住販
3299,ムゲンエステート
3300,アンビションＤＸホールデ
3302,帝国繊維
3306,日本製麻
3309,積水ハウス・リート投資
3315,日本コークス工業
3316,東京日産コンピュータＳ
3317,フライングガーデン
3319,ゴルフダイジェスト・オン
3320,クロスプラス
3321,ミタチ産業
3322,アルファグループ
3323,レカム
3326,ランシステム
3328,ＢＥＥＮＯＳ
3329,東和フードサービス
3333,あさひ
3341,日本調剤
3347,トラスト
3349,コスモス薬品
3350,レッド・プラネット・ジャハ
3352,バッファロー
3353,メディカル一光グループ
3355,クリヤマホールディングス
3356,テリロジー
3358,ワイエスフード
3359,ｃｏｔｔａ
3360,シップヘルスケアＨＤ
3361,トーエル
3370,フジタコーポレーション
3371,ソフトクリエイトＨＤ
3372,関門海
3374,内外テック
3375,ＺＯＡ
3377,バイク王＆カンパニー
3382,セブン＆アイ・ＨＬＤＧＳ
3386,コスモ・バイオ
3387,クリエイト・レストランツ・ホール
3388,明治電機工業
3390,ＩＮＥＳＴ
3391,ツルハホールディングス
3392,デリカフーズＨＬＤＧＳ
3393,スターティアホールディングス
3395,サンマルクホールディングス
3396,フェリシモ
3397,トリドールホールディングス
3399,丸千代山岡家
3401,帝人
3402,東レ
3405,クラレ
3407,旭化成
3409,北日本紡績
3415,ＴＯＫＹＯＢＡＳＥ
3416,ピクスタ
3417,大木ヘルスケアＨＬＤＧＳ
3418,バルニバービ
3420,ケー・エフ・シー
3421,稲葉製作所
3422,丸順
3423,エスイー
3426,アトムリビンテック
3431,宮地エンジニアリングＧ
3433,トーカロ
3434,アルファＣＯ
3435,サンコーテクノ
3436,ＳＵＭＣＯ
3437,特殊電極
3439,三ツ知
3440,日創プロニティ
3441,山王
3443,川田テクノロジーズ
3444,菊池製作所
3445,ＲＳＴＥＣＨＮＯＬＯＧＩＥＳ
3446,ジェイテックコーポレーション
3447,信和
3449,テクノフレックス
3451,トーセイ・リート投資法人
3452,ビーロット
3453,ケネディクス商業リート
3454,ファーストブラザーズ
3455,ヘルスケア＆メディカル投資
3457,ＡＮＤＤＯホールディングス
3458,シーアールイー
3459,サムティ・レジデンシャル
3461,パルマ
3462,野村不動産マスターＦ
3463,いちごホテルリート投資
3464,プロパティエージェント
3465,ケイアイスター不動産
3466,ラサールロジポート投資
3467,アグレ都市デザイン
3468,スターアジア不動産投
3469,デュアルタップ
3470,マリモ地方創生リート
3471,三井不ロジパーク
3472,大江戸温泉リート
3474,Ｇ－ＦＡＣＴＯＲＹ
3475,グッドコムアセット
3476,投資法人みらい
3477,フォーライフ
3478,森トラスト・ホテルリート投
3479,ティーケーピー
3480,ジェイ・エス・ビー
3481,三菱地所物流ＲＥＩＴ
3482,ロードスターキャピタル
3484,テンポイノベーション
3486,グロバルリンクマネジメント
3487,ＣＲＥロジスティクスファンド
3488,ザイマックス・リート
3489,フェイスネットワーク
3490,アズ企画設計
3491,ＧＡＴＥＣＨＮＯＬＯＧＩＥＳ
3492,タカラレーベン不動産投
3493,アドバンス・ロジスティクス
3494,マリオン
3495,香陵住販
3496,アズーム
3497,ＬｅＴｅｃｈ
3498,霞ヶ関キャピタル
3501,住江織物
3512,日本フエルト
3513,イチカワ
3521,エコナックホールディングス
3524,日東製網
3526,芦森工業
3528,ミライノベート
3529,アツギ
3536,アクサスホールディングス
3537,昭栄薬品
3538,ウイルプラスＨＬＤＧＳ
3539,ＪＭホールディングス
3540,歯愛メディカル
3541,農業総合研究所
3542,ベガコーポレーション
3543,コメダホールディングス
3544,サツドラホールディングス
3546,アレンザホールディングス
3547,串カツ田中ＨＬＤＧＳ
3548,バロックジャパン
3549,クスリのアオキＨＬＤＧＳ
3550,スタジオアタオ
3551,ダイニック
3553,共和レザー
3556,リネットジャパングループ
3557,ユナイテッド＆コレクティブ
3558,ロコンド
3559,ピーバンドットコム
3560,ほぼ日
3561,力の源ＨＤ
3562,Ｎｏ．１
3563,ＦＯＯＤ＆ＬＩＦＥＣＯＭＰＡＮ
3565,アセンテック
3566,ユニフォームネクスト
3569,セーレン
3571,ソトー
3577,東海染工
3578,倉庫精練
3580,小松マテーレ
3583,オーベクス
3591,ワコールホールディングス
3593,ホギメディカル
3597,自重堂
3598,山喜
3600,フジックス
3604,川本産業
3607,クラウディアＨＬＤＧＳ
3608,ＴＳＩホールディングス
3611,マツオカコーポレーション
3612,ワールド
3622,ネットイヤーグループ
3623,ビリングシステム
3624,アクセルマーク
3625,テックファームＨＤ
3626,ＴＩＳ
3627,ＪＮＳホールディングス
3628,データホライゾン
3632,グリー
3633,ＧＭＯペパボ
3634,ソケッツ
3635,コーエーテクモＨＤ
3636,三菱総合研究所
3639,ボルテージ
3640,電算
3641,パピレス
3645,メディカルネット
3646,駅探
3647,ジー・スリーホールディング
3648,ＡＧＳ
3649,ファインデックス
3652,ディジタルメディアプロ
3653,モルフォ
3655,ブレインパッド
3656,ＫＬａｂ
3657,ポールトゥウィンホールディン
3659,ネクソン
3660,アイスタイル
3661,エムアップホールディングス
3662,エイチーム
3663,アートスパークＨＤ
3664,モブキャストＨＬＤＧＳ
3665,エニグモ
3666,テクノスジャパン
3667,ｅｎｉｓｈ
3668,コロプラ
3670,協立情報通信
3671,ソフトマックス
3672,オルトプラス
3673,ブロードリーフ
3674,オークファン
3675,クロス・マーケティングＧ
3676,デジタルハーツＨＬＤＧＳ
3677,システム情報
3678,メディアドゥ
3679,じげん
3680,ホットリンク
3681,ブイキューブ
3682,エンカレッジ・テクノロジ
3683,サイバーリンクス
3686,ディー・エル・イー
3687,フィックスターズ
3688,ＣＡＲＴＡＨＯＬＤＩＮＧＳ
3690,イルグルム
3691,デジタルプラス
3692,ＦＦＲＩセキュリティ
3694,オプティム
3695,ＧＭＯリサーチ
3696,セレス
3697,ＳＨＩＦＴ
3698,ＣＲＩ・ミドルウェア
3708,特種東海製紙
3710,ジョルダン
3712,情報企画
3719,ジェクシード
3723,日本ファルコム
3726,フォーシーズＨＤ
3727,アプリックス
3733,ソフトウェア・サービス
3738,ティーガイア
3741,セック
3744,サイオス
3747,インタートレード
3750,ＦＲＡＣＴＡＬＥ
3753,フライトホールディングス
3758,アエリア
3760,ケイブ
3762,テクマトリックス
3763,プロシップ
3765,ガンホー・オンライン・エンター
3766,システムズ・デザイン
3768,リスクモンスター
3769,ＧＭＯペイメントゲートウェイ
3770,ザッパラス
3771,システムリサーチ
3772,ウェルス・マネジメント
3773,アドバンスト・メディア
3774,インターネットイニシアティブ
3776,ブロードバンドタワー
3777,ＦＨＴホールディングス
3778,さくらインターネット
3779,ジェイ・エスコムＨＬＤＧＳ
3782,ディー・ディー・エス
3784,ヴィンクス
3787,テクノマセマティカル
3788,ＧＭＯグローバルサインＨＤ
3791,ＩＧポート
3793,ドリコム
3796,いい生活
3798,ＵＬＳグループ
3799,キーウェアソリューションズ
3800,ユニリタ
3802,エコミック
3803,イメージ情報開発
3804,システムディ
3807,フィスコ
3810,サイバーステップ
3814,アルファクス・フード・システム
3815,メディア工房
3816,大和コンピューター
3817,ＳＲＡホールディングス
3823,ＴＨＥＷＨＹＨＯＷＤＯ
3825,リミックスポイント
3826,システムインテグレータ
3834,朝日ネット
3835,ｅＢＡＳＥ
3836,アバント
3837,アドソル日進
3839,ＯＤＫソリューションズ
3840,パス
3841,ジーダット
3842,ネクストジェン
3843,フリービット
3844,コムチュア
3845,アイフリークモバイル
3847,パシフィックシステム
3848,データ・アプリケーション
3850,ＮＴＴデータイントラマート
3851,日本一ソフトウェア
3852,サイバーコム
3853,アステリア
3854,アイル
3856,Ａｂａｌａｎｃｅ
3857,ラック
3858,ユビキタスＡＩ
3861,王子ホールディングス
3863,日本製紙
3864,三菱製紙
3865,北越コーポレーション
3877,中越パルプ
3878,巴川製紙
3880,大王製紙
3891,ニッポン高度紙工業
3892,岡山製紙
3895,ハビックス
3896,阿波製紙
3900,クラウドワークス
3901,マークラインズ
3902,メディカル・データ・ビジ
3903,ｇｕｍｉ
3904,カヤック
3905,データセクション
3906,ＡＬＢＥＲＴ
3907,シリコンスタジオ
3908,コラボス
3909,ショーケース
3910,エムケイシステム
3911,Ａｉｍｉｎｇ
3912,モバイルファクトリー
3913,ｓＭｅｄｉｏ
3914,ＪＩＧ－ＳＡＷ
3915,テラスカイ
3916,デジタル・インフォメーション
3917,アイリッジ
3918,ＰＣＩホールディングス
3919,パイプドＨＤ
3920,アイビーシー
3921,ネオジャパン
3922,ＰＲＴＩＭＥＳ
3923,ラクス
3924,ランドコンピュータ
3925,ダブルスタンダード
3926,オープンドア
3927,フーバーブレイン
3928,マイネット
3929,ソーシャルワイヤー
3930,はてな
3931,バリューゴルフ
3932,アカツキ
3933,チエル
3934,ベネフィットジャパン
3935,エディア
3936,グローバルウェイ
3937,ＵＢＩＣＯＭホールディングス
3939,カナミックネットワーク
3940,ノムラシステムコーポレーション
3941,レンゴー
3943,大石産業
3944,古林紙工
3945,スーパーバツグ
3946,トーモク
3947,ダイナパック
3948,光ビジネスフオーム
3950,ザ・パック
3951,朝日印刷
3953,大村紙業
3954,昭和パックス
3955,イムラ封筒
3961,シルバーエッグ・テクノロジ
3962,チェンジ
3963,シンクロ・フード
3964,オークネット
3965,キャピタル・アセット・プラン
3966,ユーザベース
3967,エルテス
3968,セグエグループ
3969,エイトレッド
3970,イノベーション
3974,ティビィシィ・スキヤツト
3976,シャノン
3978,マクロミル
3979,うるる
3981,ビーグリー
3983,オロ
3984,ユーザーローカル
3985,テモナ
3986,ビーブレイクシステムズ
3987,エコモット
3988,ＳＹＳホールディングス
3989,シェアリングテクノロジー
3990,ＵＵＵＭ
3991,ウォンテッドリー
3992,ニーズウェル
3993,ＰＫＳＨＡＴＥＣＨＮＯＬＯＧＹ
3994,マネーフォワード
3995,ＳＫＩＹＡＫＩ
3996,サインポスト
3997,トレードワークス
3998,すららネット
3999,ナレッジスイート
4004,昭和電工
4005,住友化学
4008,住友精化
4011,ヘッドウォータース
4012,アクシス
4013,勤次郎
4014,カラダノート
4015,アララ
4016,ＭＩＴホールディングス
4017,クリーマ
4019,スタメン
4020,ビートレンド
4021,日産化学
4022,ラサ工業
4023,クレハ
4025,多木化学
4026,神島化学
4027,テイカ
4028,石原産業
4031,片倉コープアグリ
4041,日本曹達
4042,東ソー
4043,トクヤマ
4044,セントラル硝子
4045,東亞合成
4046,大阪ソーダ
4047,関東電化
4051,ＧＭＯフィナンシャルゲート
4052,フィーチャ
4053,ＳＵＮＡＳＴＥＲＩＳＫ
4054,日本情報クリエイト
4055,ティアンドエス
4056,ニューラルポケット
4057,インターファクトリー
4058,トヨクモ
4059,まぐまぐ
4060,ＲＡＫＵＭＯ
4061,デンカ
4062,イビデン
4063,信越化学
4064,日本カ－バイド
4068,ベイシス
4069,ＢｌｕｅＭｅｍｅ
4071,プラスアルファ・コンサルティン
4072,電算システムＨＤ
4073,ジィ・シィ企画
4074,ラキール
4075,ブレインズテクノロジー
4076,シイエヌエス
4078,堺化学
4080,田中化学研究所
4082,第一稀元素化学工
4088,エア・ウォーター
4091,日本酸素ＨＬＤＧＳ
4092,日本化学工業
4093,東邦アセチレン
4094,日本化学産業
4095,日本パ－カライジング
4097,高圧ガス
4098,チタン工業
4099,四国化成
4100,戸田工業
4102,丸尾カルシウム
4107,伊勢化学工業
4109,ステラケミファ
4112,保土谷化学
4113,田岡化学
4114,日本触媒
4116,大日精化
4118,カネカ
4119,日本ピグメント
4120,スガイ化学
4124,大阪油化工業
4125,三和油化工業
4151,協和キリン
4165,プレイド
4166,かっこ
4167,ココペリ
4168,ヤプリ
4169,ＥＮＥＣＨＡＮＧＥ
4170,ＫＡＩＺＥＮＰＬＡＴＦＯＲＭ
4171,グローバルインフォメーション
4172,東和ハイシステム
4173,ＷＡＣＵＬ
4174,アピリッツ
4175,ＣＯＬＹ
4176,ココナラ
4177,ｉ‐ｐｌｕｇ
4178,ＳＨＡＲＩＮＧＩＮＮＯＶＡＴＩ
4179,ジーネクスト
4180,ＡＰＰＩＥＲＧＲＯＵＰ
4182,三菱瓦斯化学
4183,三井化学
4185,ＪＳＲ
4186,東京応化工業
4187,大阪有機化学
4188,三菱ケミカルＨＬＤＧＳ
4189,ＫＨネオケム
4192,スパイダープラス
4193,ファブリカコミュニケーションス
4194,ビジョナル
4196,ネオマーケティング
4198,テンダ
4199,ワンダープラネット
4200,ＨＣＳホールディングス
4202,ダイセル
4203,住友ベ－クライト
4204,積水化学
4205,日本ゼオン
4206,アイカ工業
4208,ＵＢＥ
4212,積水樹脂
4215,タキロンシーアイ
4216,旭有機材
4218,ニチバン
4220,リケンテクノス
4221,大倉工業
4222,児玉化学
4224,ロンシール
4228,積水化成品
4229,群栄化学
4231,タイガースポリマー
4234,サンエー化研
4235,ウルトラファブリックスＨＤ
4237,フジプレアム
4238,ミライアル
4240,クラスターテクノロジー
4241,アテクト
4242,タカギセイコー
4243,ニックス
4245,ダイキアクシス
4246,ダイキョーニシカワ
4247,ポバール興業
4248,竹本容器
4249,森六ホールディングス
4251,恵和
4255,ＴＨＥＣＯＯ
4256,サインド
4258,網屋
4259,エクサウィザーズ
4260,ハイブリッドテクノロジース
4261,アジアクエスト
4262,ニフティライフスタイル
4263,サスメド
4264,セキュア
4265,ＩＧＳ
4267,ライトワークス
4268,エッジテクノロジー
4270,ＢｅｅＸ
4272,日本化薬
4274,細谷火工
4275,カーリットホールディングス
4284,ソルクシーズ
4286,ＣＬホールディングス
4287,ジャストプランニング
4288,アズジェント
4290,プレステージ・インター
4293,セプテーニＨＬＤＧＳ
4295,フェイス
4298,プロトコーポレーション
4299,ハイマックス
4301,アミューズ
4304,Ｅストアー
4307,野村総合研究所
4308,Ｊストリーム
4310,ドリームインキュベータ
4312,サイバネットシステム
4316,ビーマップ
4317,レイ
4318,クイック
4319,ＴＡＣ
4320,ＣＥホールディングス
4323,日本システム技術
4324,電通グループ
4326,インテージホールディングス
4327,日本エス・エイチ・エル
4331,テイクアンドギヴニーズ
4333,東邦システムサイエンス
4334,ユークス
4335,アイ・ピー・エス
4337,ぴあ
4341,西菱電機
4343,イオンファンタジー
4344,ソースネクスト
4345,シーティーエス
4346,ネクシィーズグループ
4347,ブロードメディア
4348,インフォコム
4350,メディカルシステムネットワーク
4351,山田債権回収管理
4355,ロングライフＨＤ
4356,応用技術
4360,マナック・ケミカルＰ
4361,川口化学
4362,日本精化
4365,松本油脂製薬
4366,ダイトーケミックス
4367,広栄化学
4368,扶桑化学工業
4369,トリケミカル
4370,モビルス
4371,コアコンセプト・テクノロジー
4372,ユミルリンク
4373,シンプレクスＨＤ
4374,ＲＯＢＯＴＰＡＹＭＥＮＴ
4375,セーフィー
4376,くふうカンパニー
4377,ワンキャリア
4378,ＣＩＮＣ
4379,ＰＨＯＴＯＳＹＮＴＨ
4380,Ｍマート
4381,ビープラッツ
4382,ＨＥＲＯＺ
4384,ラクスル
4385,メルカリ
4386,ＳＩＧグループ
4387,ＺＵＵ
4388,エーアイ
4389,プロパティデータバンク
4390,ＩＰＳ
4391,ロジザード
4392,ＦＩＧ
4393,バンク・オブ・イノベ
4394,エクスモーション
4395,アクリート
4396,システムサポート
4397,チームスピリット
4398,ブロードバンドセキュリテ
4401,ＡＤＥＫＡ
4403,日油
4404,ミヨシ油脂
4406,新日本理化
4409,東邦化学
4410,ハリマ化成グループ
4412,サイエンスアーツ
4413,ボードルア
4414,フレクト
4415,ブロードエンタープライズ
4416,ＴＲＵＥＤＡＴＡ
4417,グローバルセキュ
4418,ＪＤＳＣ
4419,ＦＩＮＡＴＥＸＴホールディンク
4420,イーソル
4421,ディ・アイ・システム
4422,ＶＡＬＵＥＮＥＸ
4423,アルテリア・ネットワークス
4424,ＡＭＡＺＩＡ
4425,Ｋｕｄａｎ
4427,ＥＤＵＬＡＢ
4428,シノプス
4429,リックソフト
4430,東海ソフト
4431,スマレジ
4432,ウイングアーク１ＳＴ
4433,ヒト・コミュニケーションズＨＤ
4434,サーバーワークス
4435,カオナビ
4436,ミンカブ・ジ・インフォノイト
4437,ＧＯＯＤＤＡＹＳＨＬＤＧＳ
4438,ＷＥＬＢＹ
4439,東名
4440,ヴィッツ
4441,トビラシステムズ
4442,バルテス
4443,Ｓａｎｓａｎ
4444,インフォネット
4445,リビン・テクノロジーズ
4446,Ｌｉｎｋ－Ｕ
4448,ＣＨＡＴＷＯＲＫ
4449,ギフティ
4450,パワーソリューションズ
4452,花王
4461,第一工業製薬
4462,石原ケミカル
4463,日華化学
4464,ソフト９９コーポレーション
4465,ニイタカ
4471,三洋化成
4475,ＨＥＮＮＧＥ
4476,ＡＩＣＲＯＳＳ
4477,ＢＡＳＥ
4478,フリー
4479,マクアケ
4480,メドレー
4481,ベース
4482,ウィルズ
4483,ＪＭＤＣ
4484,ランサーズ
4485,ＪＴＯＷＥＲ
4486,ユナイトアンドグロウ
4487,スペースマーケット
4488,ＡＩＩＮＳＩＤＥ
4489,ペイロール
4490,ビザスク
4491,コンピューターマネージメント
4492,ゼネテック
4493,サイバーセキュリティクラウド
4494,バリオセキュア
4495,アイキューブドシステムズ
4496,コマースＯＮＥＨＬＤＧＳ
4498,サイバートラスト
4499,ＳＰＥＥＥ
4502,武田薬品
4503,アステラス製薬
4506,住友ファーマ
4507,塩野義製薬
4512,わかもと製薬
4516,日本新薬
4519,中外製薬
4521,科研製薬
4523,エーザイ
4524,森下仁丹
4526,理研ビタミン
4527,ロート製薬
4528,小野薬品
4530,久光製薬
4531,有機合成薬品
4534,持田製薬
4536,参天製薬
4538,扶桑薬品
4539,日本ケミファ
4540,ツムラ
4541,日医工
4543,テルモ
4544,ＨＵグループＨＤ
4547,キッセイ薬品工業
4548,生化学工業
4549,栄研化学
4550,日水製薬
4551,鳥居薬品
4552,ＪＣＲファーマ
4553,東和薬品
4554,富士製薬工業
4556,カイノス
4558,中京医薬品
4559,ゼリア新薬工業
4563,アンジェス
4564,オンコセラピー・サイエンス
4565,そーせいグループ
4568,第一三共
4569,キョーリン製薬ＨＤ
4570,免疫生物研究所
4571,ナノキャリア
4572,カルナバイオサイエンス
4574,大幸薬品
4575,キャンバス
4576,デ・ウエスタン・セラピテクス
4577,ダイト
4578,大塚ホールディングス
4579,ラクオリア創薬
4581,大正製薬ＨＤ
4582,シンバイオ製薬
4583,カイオム・バイオサイエンス
4584,キッズウェル・バイオ
4586,メドレックス
4587,ペプチドリーム
4588,オンコリスバイオファーマ
4591,リボミック
4592,サンバイオ
4593,ヘリオス
4594,ブライトパス・バイオ
4595,ミズホメディー
4596,窪田製薬ＨＬＤＧＳ
4597,ソレイジア・ファーマ
4598,ＤＥＬＴＡ－ＦＬＹＰＨＡＲＭＡ
4599,ステムリム
4611,大日本塗料
4612,日本ペイントＨＯＬＤ
4613,関西ペイント
4615,神東塗料
4616,川上塗料
4617,中国塗料
4619,日本特殊塗料
4620,藤倉化成
4621,ロツクペイント
4623,アサヒペン
4624,イサム塗料
4625,アトミクス
4626,太陽ホールディングス
4627,ナトコ
4628,エスケー化研
4629,大伸化学
4631,ＤＩＣ
4633,サカタインクス
4634,東洋インキＳＣホールディン
4635,東京インキ
4636,Ｔ＆ＫＴＯＫＡ
4641,アルプス技研
4642,オリジナル設計
4644,イマジニア
4645,市進ホールディングス
4650,ＳＤエンターテイメント
4651,サニックス
4653,ダイオーズ
4657,環境管理センター
4658,日本空調サービス
4659,エイジス
4661,オリエンタルランド
4662,フォーカスシステムズ
4664,アール・エス・シー
4665,ダスキン
4666,パーク２４
4667,アイサンテクノロジー
4668,明光ネットワークジャパン
4671,ファルコホールディングス
4673,川崎地質
4674,クレスコ
4676,フジ・メディア・ＨＤ
4678,秀英予備校
4679,田谷
4680,ラウンドワン
4681,リゾートトラスト
4684,オービック
4685,菱友システムズ
4686,ジャストシステム
4687,ＴＤＣソフト
4689,Ｚホールディングス
4690,日本パレットプール
4691,ワシントンホテル
4694,ビー・エム・エル
4704,トレンドマイクロ
4705,クリップコーポレーション
4707,キタック
4708,りらいあコミュニケーショ
4709,ＩＤホールディングス
4712,ＫＥＹＨＯＬＤＥＲ
4714,リソー教育
4716,日本オラクル
4718,早稲田アカデミー
4719,アルファシステムズ
4720,城南進学研究社
4722,フューチャー
4725,ＣＡＣＨＯＬＤＩＮＧＳ
4726,ＳＢテクノロジー
4728,トーセ
4732,ユー・エス・エス
4733,オービックビジネスＣ
4735,京進
4736,日本ラッド
4739,伊藤忠テクノソリュー
4743,アイティフォー
4745,東京個別指導学院
4746,東計電算
4748,構造計画研究所
4750,ダイサン
4751,サイバーエージェント
4752,昭和システムエンジニア
4754,トスネット
4755,楽天グループ
4760,アルファ
4761,さくらケーシーエス
4762,エックスネット
4763,クリーク・アンド・リバー社
4765,モーニングスター
4766,ピーエイ
4767,テー・オー・ダブリュー
4768,大塚商会
4769,ＩＣ
4770,図研エルミック
4771,エフアンドエム
4772,ストリームメディアコーポ
4776,サイボウズ
4777,ガーラ
4781,日本ハウズイング
4783,日本コンピュータ・ダイナ
4784,ＧＭＯアドパートナーズ
4792,山田コンサルティングＧＰ
4800,オリコン
4801,セントラルスポーツ
4809,パラカ
4812,電通国際情報Ｓ
4813,ＡＣＣＥＳＳ
4814,ネクストウェア
4816,東映アニメーション
4819,デジタルガレージ
4820,イーエムシステムズ
4824,メディアシーク
4825,ウェザーニューズ
4826,ＣＩＪ
4828,ビジネスエンジニアリング
4829,日本エンタープライズ
4832,ＪＦＥシステムズ
4833,ＳＵＣＣＥＳＳＨＯＬＤＥＲＳ
4837,シダックス
4838,スペースシャワーネットワーク
4839,ＷＯＷＯＷ
4840,トライアイズ
4845,スカラ
4847,インテリジェントウェイブ
4848,フルキャストホールディングス
4849,エン・ジャパン
4875,メディシノバ・インク
4880,セルソース
4881,ファンペップ
4882,ペルセウスプロテオミクス
4883,モダリス
4884,クリングルファーマ
4885,室町ケミカル
4886,あすか製薬ＨＤ
4887,サワイグループＨＤ
4888,ステラファーマ
4889,レナサイエンス
4890,坪田ラボ
4901,富士フイルムＨＬＤＧＳ
4902,コニカミノルタ
4911,資生堂
4912,ライオン
4914,高砂香料
4917,マンダム
4918,アイビー化粧品
4919,ミルボン
4920,日本色材
4921,ファンケル
4922,コーセー
4923,コタ
4925,ハーバー研究所
4926,シーボン
4927,ポーラ・オルビスＨＤ
4928,ノエビアホールディングス
4929,アジュバンホールディング
4930,グラフィコ
4931,新日本製薬
4932,アルマード
4933,Ｉ－ｎｅ
4934,プレミアアンチエイジング
4935,リベルタ
4936,アクシージア
4937,ＷＡＱＯＯ
4951,エステー
4955,アグロカネショウ
4956,コニシ
4957,ヤスハラケミカル
4958,長谷川香料
4960,ケミプロ化成
4963,星光ＰＭＣ
4966,上村工業
4967,小林製薬
4968,荒川化学工業
4970,東洋合成工業
4971,メック
4972,綜研化学
4973,日本高純度化学
4974,タカラバイオ
4975,ＪＣＵ
4976,東洋ドライルーブ
4977,新田ゼラチン
4978,リプロセル
4979,ＯＡＴアグリオ
4980,デクセリアルズ
4985,アース製薬
4987,寺岡製作所
4990,昭和化学工業
4992,北興化学
4994,大成ラミック
4996,クミアイ化学
4997,日本農薬
4998,フマキラー
4999,セメダイン
5008,東亜石油
5009,富士興産
5010,日本精蝋
5011,ニチレキ
5013,ユシロ化学
5015,ビーピー・カストロール
5017,富士石油
5018,ＭＯＲＥＳＣＯ
5019,出光興産
5020,ＥＮＥＯＳホールディングス
5021,コスモエネルギーＨＬＤＧＳ
5025,マーキュリーリアルテックイノベ
5026,トリプルアイズ
5028,セカンドサイトアナリティカ
5029,サークレイス
5031,モイ
5032,ＡＮＹＣＯＬＯＲ
5070,ドラフト
5071,ヴィス
5074,テスホールディングス
5076,インフロニアＨＤ
5078,セレコーポレーション
5079,ノバック
5101,横浜ゴム
5103,昭和ホールディングス
5104,日東化工
5105,ＴＯＹＯＴＩＲＥ
5108,ブリヂストン
5110,住友ゴム
5121,藤倉コンポジット
5122,オカモト
5142,アキレス
5161,西川ゴム工業
5162,朝日ラバー
5184,ニチリン
5185,フコク
5186,ニッタ
5187,クリエートメディック
5189,櫻護謨
5191,住友理工
5192,三ツ星ベルト
5194,相模ゴム
5195,バンドー化学
5199,不二ラテツクス
5201,ＡＧＣ
5202,日本板硝子
5204,石塚硝子
5208,有沢製作所
5210,日本山村硝子
5212,不二硝子
5214,日本電気硝子
5216,倉元製作所
5217,テクノクオーツ
5218,オハラ
5232,住友大阪セメント
5233,太平洋セメント
5237,ノザワ
5261,リソルホールディングス
5262,日本ヒユ－ム
5268,旭コンクリ－ト
5269,日本コンクリ－ト
5271,トーヨーアサノ
5273,三谷セキサン
5277,スパンクリート
5279,日本興業
5280,ヨシコン
5282,ジオスター
5283,高見澤
5284,ヤマウホールディングス
5285,ヤマックス
5287,イトーヨーギョー
5288,アジアパイルＨＤ
5290,ベルテクスコーポレーション
5301,東海カーボン
5302,日本カーボン
5304,ＳＥＣカーボン
5310,東洋炭素
5331,ノリタケ
5332,ＴＯＴＯ
5333,日本碍子
5334,日本特殊陶業
5337,ダントーホールディングス
5341,アサヒ衛陶
5344,ＭＡＲＵＷＡ
5351,品川リフラクトリーズ
5352,黒崎播磨
5355,日本坩堝
5357,ヨータイ
5363,東京窯業
5367,ニッカトー
5368,日本インシュレーション
5380,新東
5381,ＭＩＰＯＸ
5384,フジミインコーポレーテッド
5386,鶴弥
5387,チヨダウーテ
5388,クニミネ工業
5391,エーアンドエーマテリアル
5393,ニチアス
5395,理研コランダム
5401,日本製鉄
5406,神戸製鋼所
5408,中山製鋼所
5410,合同製鐵
5411,ＪＦＥホールディングス
5423,東京製鐵
5440,共英製鋼
5444,大和工業
5445,東京鐵鋼
5446,北越メタル
5449,大阪製鐵
5451,淀川製鋼所
5458,高砂鐵工
5463,丸一鋼管
5464,モリ工業
5471,大同特殊鋼
5476,日本高周波
5480,日本冶金工
5481,山陽特殊製鋼
5482,愛知製鋼
5484,東北特殊鋼
5486,日立金属
5491,日本金属
5541,大平洋金属
5542,新報国マテリアル
5563,新日本電工
5602,栗本鉄工所
5603,虹技
5609,日本鋳造
5610,大和重工
5612,日本鋳鉄管
5631,日本製鋼所
5632,三菱製鋼
5644,メタルアート
5658,日亜鋼業
5659,日本精線
5660,神鋼鋼線
5695,パウダーテック
5697,サンユウ
5698,エンビプロＨＤ
5699,イボキン
5702,大紀アルミニウム
5703,日本軽金属ＨＤ
5704,ＪＭＣ
5706,三井金属
5707,東邦亜鉛
5711,三菱マテリアル
5713,住友鉱山
5714,ＤＯＷＡホールディングス
5715,古河機金
5721,エス・サイエンス
5724,アサカ理研
5726,大阪チタニウム
5727,東邦チタニウム
5729,日本精鉱
5741,ＵＡＣＪ
5742,エヌアイシ・オートテック
5753,日本伸銅
5757,ＣＫサンエツ
5759,日本電解
5781,東邦金属
5801,古河電工
5802,住友電工
5803,フジクラ
5805,昭和電線ＨＬＤＧＳ
5807,東京特殊電線
5809,タツタ電線
5816,オーナンバ
5817,ＪＭＡＣＳ
5819,カナレ電気
5820,三ッ星
5821,平河ヒューテック
5851,リョービ
5852,アーレステイ
5856,エルアイイーエイチ
5857,アサヒＨＤ
5900,ダイケン
5901,東洋製罐グループＨＤ
5902,ホッカンホールディングス
5903,シンポ
5905,日本製罐
5906,エムケー精工
5907,ＪＦＥコンテイナー
5909,コロナ
5911,横河ブリッジＨＬＤＧＳ
5915,駒井ハルテック
5918,瀧上工業
5921,川岸工業
5922,那須電機
5923,高田機工
5928,アルメタックス
5929,三和ホールディングス
5930,文化シヤツタ－
5932,三協立山
5933,アルインコ
5935,元旦ビューティ工業
5936,東洋シヤツタ－
5938,ＬＩＸＩＬ
5939,大谷工業
5940,不二サッシ
5941,中西製作所
5942,日本フイルコン
5943,ノーリツ
5945,天龍製鋸
5946,長府製作所
5947,リンナイ
5949,ユニプレス
5950,日本パワーファスニング
5951,ダイニチ工業
5952,アマテイ
5955,ヤマシナ
5956,トーソー
5957,日東精工
5958,三洋工業
5959,岡部
5962,浅香工業
5964,東洋刃物
5965,フジマック
5966,京都機械工具
5967,ＴＯＮＥ
5969,ロブテックス
5970,ジーテクト
5971,共和工業所
5973,トーアミ
5974,中国工業
5975,東プレ
5976,高周波熱錬
5981,東京製綱
5982,マルゼン
5983,イワブチ
5984,兼房
5985,サンコール
5986,モリテックスチル
5987,オーネックス
5988,パイオラックス
5989,エイチワン
5990,スーパーツール
5991,日本発条
5992,中央発條
5994,ファインシンター
5997,協立エアテック
5998,アドバネクス
5999,イハラサイエンス
6005,三浦工業
6013,タクマ
6016,ジャパンエンジンコーポ
6018,阪神内燃機
6022,赤阪鐵工所
6023,ダイハツデイ－ゼル
6026,ＧＭＯＴＥＣＨ
6027,弁護士ドットコム
6028,テクノプロ・ホールディング
6029,アトラグループ
6030,アドベンチャー
6031,サイジニア
6032,インターワークス
6033,エクストリーム
6034,ＭＲＴ
6035,アイ・アールジャパンＨＤ
6036,ＫｅｅＰｅｒ技研
6037,ファーストロジック
6038,イード
6039,日本動物高度医療
6040,日本スキー場開発
6042,ニッキ
6044,三機サービス
6045,レントラックス
6046,リンクバル
6047,Ｇｕｎｏｓｙ
6048,デザインワン・ジャパン
6049,イトクロ
6050,イー・ガーディアン
6054,リブセンス
6055,ジャパンマテリアル
6058,ベクトル
6059,ウチヤマホールディングス
6060,こころネット
6061,ユニバーサル園芸社
6062,チャームケアコーポレーション
6063,日本エマージェンシーＡ
6067,インパクトＨＤ
6069,トレンダーズ
6070,キャリアリンク
6071,ＩＢＪ
6072,地盤ネットＨＯＬＤ
6073,アサンテ
6074,ジェイエスエス
6078,バリューＨＲ
6080,Ｍ＆Ａキャピタルパートナー
6081,アライドアーキテクツ
6082,ライドオンエクスプレスＨＤ
6083,ＥＲＩホールディングス
6085,アーキテクツＳＪ
6086,シンメンテホールディングス
6087,アビスト
6088,シグマクシス・ホールディンク
6089,ウィルグループ
6090,ヒューマン・メタボローム・テク
6091,ウエスコホールディングス
6092,エンバイオ・ホールディング
6093,エスクローＡＪ
6094,フリークアウトＨＬＤＧＳ
6095,メドピア
6096,レアジョブ
6098,リクルートホールディングス
6099,エラン
6101,ツガミ
6103,オークマ
6104,芝浦機械
6113,アマダ
6118,アイダエンジニア
6121,滝澤鉄工所
6125,岡本工作
6131,浜井産業
6134,ＦＵＪＩ
6135,牧野フライス
6136,オーエスジー
6137,小池酸素
6138,ダイジェット
6140,旭ダイヤモンド
6141,ＤＭＧ森精機
6143,ソデイツク
6144,西部電機
6145,ＮＩＴＴＯＫＵ
6146,ディスコ
6147,ヤマザキ
6149,小田原エンジニアリング
6150,タケダ機械
6151,日東工器
6155,高松機械工業
6156,エーワン精密
6157,日進工具
6158,和井田製作所
6159,ミクロン精密
6161,エスティック
6164,太陽工機
6165,パンチ工業
6166,中村超硬
6167,冨士ダイス
6171,土木管理総合試験
6172,メタップス
6173,アクアライン
6175,ネットマーケティング
6176,ブランジスタ
6177,ＡｐｐＢａｎｋ
6178,日本郵政
6180,ＧＭＯメディア
6181,タメニー
6182,メタリアル
6183,ベルシステム２４ＨＬＤＧＳ
6184,鎌倉新書
6185,ＳＭＮ
6186,一蔵
6188,富士ソフトサービスビュー
6189,グローバルキッズＣＯＭＰ
6190,フェニックスバイオ
6191,エアトリ
6192,ハイアス・アンド・カンパニー
6193,バーチャレクスＨＬＤＧＳ
6194,アトラエ
6195,ホープ
6196,ストライク
6197,ソラスト
6198,キャリア
6199,セラク
6200,インソース
6201,豊田自動織機
6203,豊和工業
6205,ＯＫＫ
6208,石川製作所
6210,東洋機械金属
6217,津田駒工業
6218,エンシュウ
6222,島精機製作所
6226,守谷輸送機工業
6227,ＡＩメカテック
6229,オーケーエム
6230,ＳＡＮＥＩ
6231,木村工機
6232,ＡＣＳＬ
6233,極東産機
6235,オプトラン
6236,ＮＣホールディングス
6237,イワキポンプ
6238,フリュー
6239,ナガオカ
6240,ヤマシンフィルタ
6245,ヒラノテクシード
6246,テクノスマート
6247,日阪製作所
6248,横田製作所
6249,ゲームカード・ジョイコＨＤ
6250,やまびこ
6254,野村マイクロ・サイエンス
6255,エヌ・ピー・シー
6257,藤商事
6258,平田機工
6262,ペガサスミシン製造
6264,マルマエ
6265,コンバム
6266,タツモ
6267,ゼネラルパッカー
6268,ナブテスコ
6269,三井海洋開発
6272,レオン自動機
6273,ＳＭＣ
6276,シリウスビジョン
6277,ホソカワミクロン
6278,ユニオンツール
6279,瑞光
6282,オイレス工業
6284,日精エーエスビー
6286,静甲
6287,サト－ホールディングス
6289,技研製作所
6291,日本エアーテック
6292,カワタ
6293,日精樹脂工業
6294,オカダアイヨン
6297,鉱研工業
6298,ワイエイシイホールディングス
6301,小松製作所
6302,住友重機械
6303,ササクラ
6305,日立建機
6306,日工
6307,サンセイ
6309,巴工業
6310,井関農機
6312,フロイント産業
6315,ＴＯＷＡ
6316,丸山製作所
6317,北川鉄工所
6319,シンニッタン
6322,タクミナ
6323,ローツェ
6324,ハーモニック・ドライブ・シス
6325,タカキタ
6326,クボタ
6327,北川精機
6328,荏原実業
6330,東洋エンジニア
6331,三菱化工機
6332,月島機械
6333,帝国電機製作所
6334,明治機械
6335,東京機械
6336,石井表記
6337,テセック
6338,タカトリ
6339,新東工業
6340,渋谷工業
6342,太平製作所
6343,フリージアマクロス
6345,アイチコーポレーション
6346,キクカワエンタープライズ
6347,プラコー
6349,小森コーポレーション
6351,鶴見製作所
6355,住友精密
6356,日本ギア工業
6357,三精テクノロジーズ
6358,酒井重工業
6360,東京自働機械
6361,荏原製作所
6362,石井鉄工所
6363,酉島製作所
6364,北越工業
6365,電業社
6366,千代田化工建
6367,ダイキン工業
6368,オルガノ
6369,ト－ヨ－カネツ
6370,栗田工業
6371,椿本チエイン
6373,大同工業
6376,日機装
6378,木村化工機
6379,レイズネクスト
6380,オリエンタルチエン
6381,アネスト岩田
6382,トリニテイ工業
6383,ダイフク
6384,昭和真空
6387,サムコ
6390,加藤製作所
6391,加地テック
6392,ヤマダコーポレーション
6393,油研工業
6395,タダノ
6396,宇野沢鉄工
6400,不二精機
6402,兼松エンジニアリング
6403,水道機工
6405,鈴茂器工
6406,フジテック
6407,ＣＫＤ
6408,小倉クラッチ
6409,キトー
6411,中野冷機
6412,平和
6413,理想科学工業
6416,桂川電機
6417,ＳＡＮＫＹＯ
6418,日本金銭機械
6419,マースグループＨＬＤＧＳ
6420,フクシマガリレイ
6424,高見沢サイバネティックス
6425,ユニバーサルエンターテインメン
6428,オーイズミ
6430,ダイコク電機
6432,竹内製作所
6433,ヒーハイスト
6436,アマノ
6440,ＪＵＫＩ
6444,サンデン
6445,ジャノメ
6448,ブラザー工業
6454,マックス
6455,モリタホールディングス
6457,グローリー
6458,新晃工業
6459,大和冷機工業
6460,セガサミーホールディングス
6461,日本ピストンリング
6462,リケン
6463,ＴＰＲ
6464,ツバキ・ナカシマ
6465,ホシザキ
6466,ＴＶＥ
6467,ニチダイ
6469,放電精密加工研
6470,大豊工業
6471,日本精工
6472,ＮＴＮ
6473,ジェイテクト
6474,不二越
6479,ミネベアミツミ
6480,日本トムソン
6481,ＴＨＫ
6482,ユーシン精機
6484,ＫＶＫ
6485,前澤給装工業
6486,イーグル工業
6488,ヨシタケ
6489,前澤工業
6490,日本ピラ－工業
6492,岡野バルブ
6493,ＮＩＴＴＡＮ
6494,ＮＦＫホールディングス
6495,宮入バルブ
6496,中北製作所
6497,ハマイ
6498,キッツ
6501,日立
6502,東芝
6503,三菱電機
6504,富士電機
6505,東洋電機製造
6506,安川電機
6507,シンフォニアテクノロジー
6508,明電舎
6513,オリジン
6516,山洋電気
6517,デンヨー
6518,三相電機
6521,オキサイド
6522,アスタリスク
6523,ＰＨＣホールディングス
6524,湖北工業
6532,ベイカレントコンサルティング
6533,ＯＲＣＨＥＳＴＲＡＨＬＤＧＳ
6535,アイモバイル
6537,ＷＡＳＨハウス
6538,キャリアインデックス
6539,ＭＳ－Ｊａｐａｎ
6540,船場
6542,ＦＣホールディングス
6543,日宣
6544,ジャパンエレベーターＳＨＤ
6545,インターネットインフィニティー
6546,フルテック
6547,グリーンズ
6548,旅工房
6549,ディーエムソリューションズ
6550,Ｕｎｉｐｏｓ
6551,ツナググループＨＬＤＧＳ
6552,ＧＡＭＥＷＩＴＨ
6554,エスユーエス
6555,ＭＳ＆ＣＯＮＳＵＬＴＩＮＧ
6556,ウェルビー
6557,ＡＩＡＩグループ
6558,クックビズ
6560,エル・ティー・エス
6561,ＨＡＮＡＴＯＵＲＪＡＰＡＮ
6562,ジーニー
6563,みらいワークス
6564,ミダックホールディングス
6565,ＡＢホテル
6566,要興業
6567,ＳＥＲＩＯホールディングス
6568,神戸天然物化学
6569,日総工産
6570,共和コーポレーション
6571,キュービーネットＨＬＤＧＳ
6572,ＲＰＡホールディングス
6573,アジャイルメディア・ネット
6574,コンヴァノ
6577,ベストワンドットコム
6578,エヌリンクス
6579,ログリー
6580,ライトアップ
6584,三桜工業
6586,マキタ
6588,東芝テック
6590,芝浦メカトロニクス
6592,マブチモーター
6594,日本電産
6597,ＨＰＣシステムズ
6599,エブレン
6612,バルミューダ
6613,ＱＤレーザ
6614,シキノハイテック
6615,ユーエムシーエレクトロニクス
6616,トレックス・セミコンダクター
6617,東光高岳
6618,大泉製作所
6619,ダブル・スコープ
6620,宮越ホールディングス
6622,ダイヘン
6625,ＪＡＬＣＯホールディングス
6626,ＳＥＭＩＴＥＣ
6627,テラプローブ
6629,テクノホライゾン
6630,ヤーマン
6632,ＪＶＣケンウッド
6633,Ｃ＆Ｇシステムズ
6634,ネクスグループ
6635,大日光エンジニアリング
6637,寺崎電気産業
6638,ミマキエンジニアリング
6640,Ｉ－ＰＥＸ
6641,日新電機
6643,戸上電機
6644,大崎電気
6645,オムロン
6647,森尾電機
6648,かわでん
6651,日東工業
6652,ＩＤＥＣ
6653,正興電機製作所
6654,不二電機工業
6656,インスペック
6658,シライ電子工業
6659,メディアリンクス
6662,ユビテック
6663,太洋工業
6664,オプトエレクトロニクス
6666,リバーエレテック
6668,アドテックプラズマテクノ
6670,ＭＣＪ
6674,ジーエス・ユアサコーポ
6675,サクサホールディングス
6676,メルコホールディングス
6677,エスケーエレクトロニクス
6678,テクノメディカ
6694,ズーム
6696,トラース・オン・プロダクト
6697,テックポイント・インクＪＤＲ
6698,ヴィスコ・テクノロジーズ
6699,ダイヤモンドエレクトリクＨＤ
6701,日本電気
6702,富士通
6703,沖電気
6704,岩崎通信機
6706,電気興業
6707,サンケン電気
6715,ナカヨ
6718,アイホン
6721,ウインテスト
6723,ルネサスエレクトロニクス
6724,セイコーエプソン
6727,ワコム
6728,アルバック
6730,アクセル
6731,ピクセラ
6734,ニューテック
6736,サン電子
6737,ＥＩＺＯ
6740,ジャパンディスプレイ
6741,日本信号
6742,京三製作所
6743,大同信号
6744,能美防災
6745,ホーチキ
6748,星和電機
6750,エレコム
6752,パナソニックホールディンク
6753,シャープ
6754,アンリツ
6755,富士通ゼネラル
6757,ＯＳＧコーポレーション
6758,ソニーグループ
6762,ＴＤＫ
6763,帝国通信工業
6768,タムラ製作所
6769,ザインエレクトロニクス
6770,アルプスアルパイン
6771,池上通信機
6772,東京コスモス
6775,ＴＢグループ
6776,天昇電気
6777,ｓａｎｔｅｃ
6778,アルチザネットワークス
6779,日本電波工業
6785,鈴木
6786,ＲＶＨ
6787,メイコー
6788,日本トリム
6789,ローランドディー．ジー．
6794,フオスタ－電機
6798,ＳＭＫ
6800,ヨコオ
6803,ティアック
6804,ホシデン
6806,ヒロセ電機
6807,日本航空電子
6809,ＴＯＡ
6810,マクセル
6814,古野電気
6815,ユニデンホールディングス
6817,スミダコーポレーション
6819,伊豆シャボテンリゾート
6820,アイコム
6822,大井電気
6823,リオン
6824,新コスモス電機
6826,本多通信工業
6832,アオイ電子
6834,精工技研
6835,アライドテレシスＨＬＤＧＳ
6836,ぷらっとホーム
6837,京写
6838,多摩川ホールディングス
6840,ＡＫＩＢＡホールディングス
6841,横河電機
6844,新電元工業
6845,アズビル
6848,東亜ディーケーケー
6849,日本光電工業
6850,チノー
6853,共和電業
6855,日本電子材料
6856,堀場製作所
6857,アドバンテスト
6858,小野測器
6859,エスペック
6861,キーエンス
6862,ミナトホールディングス
6863,ニレコ
6864,エヌエフホールディングス
6866,日置電機
6867,リーダー電子
6869,シスメックス
6870,日本フェンオール
6871,日本マイクロニクス
6874,協立電機
6875,メガチップス
6877,ＯＢＡＲＡＧＲＯＵＰ
6879,ＩＭＡＧＩＣＡＧＲＯＵＰ
6881,キョウデン
6882,三社電機製作所
6888,アクモス
6890,フェローテックＨＬＤＧＳ
6894,パルステック工業
6897,ツインバード工業
6898,トミタ電機
6899,ＡＳＴＩ
6901,澤藤電機
6902,デンソー
6904,原田工業
6905,コーセル
6907,ジオマテック
6908,イリソ電子工業
6912,菊水電子工業
6914,オプテックスグループ
6915,千代田インテグレ
6916,アイ・オー・データ
6918,アバールデータ
6919,ケル
6920,レーザーテック
6923,スタンレー電気
6924,岩崎電気
6925,ウシオ電機
6926,岡谷電機
6927,ヘリオステクノＨ
6928,エノモト
6929,日本セラミック
6930,日本アンテナ
6932,遠藤照明
6937,古河電池
6938,双信電機
6941,山一電機
6942,ソフィアホールディングス
6943,ＮＫＫスイッチズ
6946,日本アビオニクス
6947,図研
6951,日本電子
6952,カシオ
6954,ファナック
6955,ＦＤＫ
6957,芝浦電子
6958,日本シイエムケイ
6960,フクダ電子
6961,エンプラス
6962,大真空
6963,ローム
6964,サンコー
6965,浜松ホトニクス
6966,三井ハイテック
6967,新光電気工業
6969,松尾電機
6971,京セラ
6973,協栄産業
6976,太陽誘電
6977,日本抵抗器
6981,村田製作所
6982,リード
6986,双葉電子工業
6988,日東電工
6989,北陸電気工業
6993,大黒屋ホールディングス
6994,指月電機
6995,東海理化電機
6996,ニチコン
6997,日本ケミコン
6998,日本タングステン
6999,ＫＯＡ
7003,三井Ｅ＆ＳＨＤ
7004,日立造船
7011,三菱重工業
7012,川崎重工業
7013,ＩＨＩ
7014,名村造船所
7018,内海造船
7021,ニッチツ
7022,サノヤスホールディングス
7030,スプリックス
7031,インバウンドテック
7033,マネジメントソリューションズ
7034,プロレド・パートナーズ
7035,ＡＮＤＦＡＣＴＯＲＹ
7036,イーエムネットジャパン
7037,テノ．ホールディングス
7038,フロンティア・マネジメント
7039,ブリッジインターナショナル
7040,サン・ライフホールディング
7041,ＣＲＧホールディングス
7042,アクセスグループＨＬＤＧＳ
7043,アルー
7044,ピアラ
7046,ＴＤＳＥ
7047,ポート
7048,ベルトラ
7049,識学
7050,フロンティアインターナショナル
7057,エヌ・シー・エヌ
7058,共栄セキュリティーサービス
7059,コプロ・ホールディングス
7060,ギークス
7061,日本ホスピスＨＬＤＧＳ
7062,フレアス
7063,Ｂｉｒｄｍａｎ
7064,ハウテレビジョン
7065,ユーピーアール
7066,ピアズ
7067,ブランディングテクノロジ
7068,フィードフォースグループ
7069,サイバー・バズ
7070,ＳＩホールディングス
7071,アンビスホールディングス
7072,インティメート・マージャー
7073,ジェイック
7074,トゥエンティーフォーセブン
7077,ＡＬＩＮＫインターネット
7078,ＩＮＣＬＵＳＩＶＥ
7079,ＷＤＢココ
7080,スポーツフィールド
7081,コーユーレンティア
7082,ジモティー
7083,ＡＨＣグループ
7084,ＫＩＤＳＳＭＩＬＥＨＬＤＧＳ
7085,カーブスホールディングス
7086,きずなホールティングス
7087,ウイルテック
7088,フォーラムエンジニアリング
7089,フォースタートアップス
7090,リグア
7091,リビングプラットフォーム
7092,ＦＡＳＴＦＩＴＮＥＳＳＪＡＰ
7093,アディッシュ
7094,ＮＥＸＴＯＮＥ
7095,ＭＡＣＢＥＥＰＬＡＮＥＴ
7096,ステムセル研究所
7097,さくらさくプラス
7102,日本車輌
7105,三菱ロジスネクスト
7122,近畿車輌
7126,タンゴヤ
7127,一家ホールディングス
7128,フルサト・マルカＨＤ
7129,ミアヘルサホールディングス
7130,ヤマエグループＨＤ
7131,のむら産業
7133,ＨＹＵＧＡＰＲＩＭＡＲＹＣＡ
7134,クルーバー
7135,藤久ホールディングス
7138,ＴＯＲＩＣＯ
7140,ペットゴー
7148,ＦＰＧ
7150,島根銀行
7157,ライフネット生命保険
7161,じもとホールディングス
7162,アストマックス
7164,全国保証
7167,めぶきフィナンシャルＧ
7169,ＮＦＣホールディングス
7172,ジャパンインベストメントＡ
7173,東京きらぼしＦＧ
7175,今村証券
7177,ＧＭＯフィナンシャルＨＬＤＧＳ
7180,九州フィナンシャルＧ
7181,かんぽ生命保険
7182,ゆうちょ銀行
7183,あんしん保証
7184,富山第一銀行
7185,ヒロセ通商
7186,コンコルディア・フィナンシャル
7187,ジェイリース
7189,西日本フィナンシャルＨＤ
7191,イントラスト
7192,日本モーゲージサービス
7196,Ｃａｓａ
7198,アルヒ
7199,プレミアグループ
7201,日産自動車
7202,いすゞ自動車
7203,トヨタ自動車
7205,日野自動車
7208,カネミツ
7211,三菱自動車工業
7212,エフテック
7213,レシップホールディングス
7214,ＧＭＢ
7215,ファルテック
7217,テイン
7218,田中精密工業
7219,エッチ・ケー・エス
7220,武蔵精密工業
7222,日産車体
7224,新明和工業
7226,極東開発工業
7228,デイトナ
7229,ユタカ技研
7231,トピー工業
7235,東京ラヂエ－タ－
7236,ティラド
7238,曙ブレーキ
7239,タチエス
7240,ＮＯＫ
7241,フタバ産業
7242,ＫＹＢ
7244,市光工業
7245,大同メタル工業
7246,プレス工業
7247,ミクニ
7250,太平洋工業
7254,ユニバンス
7255,桜井製作所
7256,河西工業
7259,アイシン
7261,マツダ
7264,ムロコーポレーション
7265,エイケン工業
7266,今仙電機製作所
7267,本田技研
7268,タツミ
7269,スズキ
7270,ＳＵＢＡＲＵ
7271,安永
7272,ヤマハ発動機
7273,イクヨ
7276,小糸製作所
7277,ＴＢＫ
7278,エクセディ
7279,ハイレックスコーポレーション
7280,ミツバ
7282,豊田合成
7283,愛三工業
7284,盟和産業
7287,日本精機
7291,日本プラスト
7292,村上開明堂
7294,ヨロズ
7296,エフ・シー・シー
7297,カーメイト
7298,八千代工業
7299,フジオーゼックス
7305,新家工業
7309,シマノ
7313,テイ・エステック
7314,小田原機器
7315,ＩＪＴＴ
7317,松屋アールアンドディ
7318,セレンディップ・ホールディ
7320,日本リビング保証
7322,３３ＦＧ
7325,アイリックコーポレーション
7326,ＳＢＩインシュアランスＧ
7327,第四北越フィナンシャルＧ
7337,ひろぎんＨＬＤＧＳ
7338,インヴァスト
7339,アイペットＨＬＤＧＳ
7342,ウェルスナビ
7343,ブロードマインド
7345,アイ・パートナーズフィナンシ
7347,マーキュリアホールディングス
7350,おきなわＦＧ
7351,グッドパッチ
7352,ＢＲＡＮＤＩＮＧＥＮＧＩＮＥＥＲ
7353,ＫＩＹＯラーニング
7354,ダイレクトマケティングミクス
7356,ＲＥＴＴＹ
7357,ジオコード
7358,ポピンズ
7359,東京通信
7360,オンデック
7361,ヒューマンクリエイションホールテ
7362,Ｔ．Ｓ．Ｉ
7363,ベビーカレンダー
7366,ＬＩＴＡＬＩＣＯ
7367,セルム
7368,表示灯
7369,メイホーホールディングス
7370,Ｅｎｊｉｎ
7371,全研本社
7372,デコルテ・ホールディングス
7373,アイドマ・ホールディングス
7374,コンフィデンス
7375,リファインバースグループ
7376,ＢＣＣ
7377,ＤＮホールディングス
7378,アシロ
7379,サーキュレーション
7380,十六ＦＧ
7381,北國ＦＨＤ
7383,ネットプロＨＤ
7384,プロクレアホールディングス
7386,ジャパンワランティサポート
7399,ナンシン
7408,ジャムコ
7412,アトム
7413,創健社
7414,小野建
7416,はるやまＨＬＤＧＳ
7417,南陽
7419,ノジマ
7420,佐鳥電機
7421,カッパ・クリエイト
7422,東邦レマック
7425,初穂商事
7426,山大
7427,エコートレーディング
7433,伯東
7434,オータケ
7435,ナ・デックス
7438,コンドーテック
7442,中山福
7443,横浜魚類
7444,ハリマ共和物産
7445,ライトオン
7446,東北化学薬品
7447,ナガイレーベン
7450,サンデー
7451,三菱食品
7453,良品計画
7455,パリミキホールディングス
7456,松田産業
7458,第一興商
7459,メディパルＨＤ
7460,ヤギ
7461,キムラ
7462,ＣＡＰＩＴＡ
7463,アドヴァングループ
7464,セフテック
7466,ＳＰＫ
7467,萩原電気ＨＬＤＧＳ
7472,鳥羽洋行
7475,アルビス
7476,アズワン
7477,ムラキ
7480,スズデン
7481,尾家産業
7482,シモジマ
7483,ドウシシャ
7486,サンリン
7487,小津産業
7490,日新商事
7494,コナカ
7500,西川計測
7501,ティムコ
7502,プラザクリエイト本社
7504,高速
7505,扶桑電通
7506,ハウスローゼ
7508,Ｇ－７ホールディングス
7509,アイエーグループ
7510,たけびし
7512,イオン北海道
7513,コジマ
7514,ヒマラヤ
7515,マルヨシセンター
7516,コーナン商事
7518,ネットワンシステムズ
7520,エコス
7521,ムサシ
7522,ワタミ
7523,アールビバン
7524,マルシェ
7525,リックス
7527,システムソフト
7531,清和中央ＨＤ
7532,パンパシフィックＨＤ
7537,丸文
7538,大水
7539,アイナボホールディングス
7544,スリーエフ
7545,西松屋チェーン
7550,ゼンショーホールディングス
7551,ウェッズ
7552,ハピネット
7554,幸楽苑ホールディングス
7555,大田花き
7559,ジーエフシー
7561,ハークスレイ
7562,安楽亭
7564,ワークマン
7565,萬世電機
7567,栄電子
7570,橋本総業ＨＬＤＧＳ
7571,ヤマノホールディングス
7575,日本ライフライン
7578,ニチリョク
7581,サイゼリヤ
7585,かんなん丸
7590,タカショー
7593,ＶＴホールディングス
7595,アルゴグラフィックス
7596,魚力
7599,ＩＤＯＭ
7600,日本エム・ディ・エム
7601,ポプラ
7602,カーチスホールディングス
7603,マックハウス
7604,梅の花
7605,フジ・コーポレーション
7606,ユナイテッドアローズ
7607,進和
7608,エスケイジャパン
7609,ダイトロン
7610,テイツー
7611,ハイデイ日高
7613,シークス
7614,オーエムツーネットワーク
7615,ＹＵ－ＷＡＣＲＥＡＴＩＯＮＨ
7616,コロワイド
7618,ピーシーデポコーポ
7619,田中商事
7621,うかい
7623,サンオータス
7624,ＮａＩＴＯ
7625,グローバルダイニング
7628,オーハシテクニカ
7630,壱番屋
7634,星医療酸器
7635,杉田エース
7636,ハンズマン
7637,白銅
7638,ＮＥＷＡＲＴＨＯＬＤＩＮＧＳ
7640,トップカルチャー
7643,ダイイチ
7646,ＰＬＡＮＴ
7647,音通
7649,スギホールディングス
7670,オーウエル
7671,ＡＭＩＤＡホールディングス
7673,ダイコー通産
7674,ＮＡＴＴＹＳＷＡＮＫＹホールテ
7676,グッドスピード
7677,ヤシマキザイ
7678,あさくま
7679,薬王堂ホールディングス
7681,レオクラン
7682,浜木綿
7683,ダブルエー
7685,ＢＵＹＳＥＬＬＴＥＣＨ
7686,カクヤスグループ
7687,ミクリード
7689,コパ・コーポレーション
7692,アースインフィニティ
7694,いつも
7695,交換できるくん
7698,アイスコ
7699,オムニ・プラス・システム・リミ
7701,島津製作所
7702,ＪＭＳ
7705,ジーエルサイエンス
7707,プレシジョン・システム
7709,クボテック
7711,助川電気工業
7713,シグマ光機
7715,長野計器
7716,ナカニシ
7717,ブイ・テクノロジー
7718,スター精密
7719,東京衡機
7721,東京計器
7722,国際計測器
7723,愛知時計
7725,インターアクション
7726,黒田精工
7727,オーバル
7729,東京精密
7730,マニー
7731,ニコン
7732,トプコン
7733,オリンパス
7734,理研計器
7735,ＳＣＲＥＥＮホールディングス
7739,キヤノン電子
7740,タムロン
7741,ＨＯＹＡ
7743,シード
7744,ノーリツ鋼機
7745,Ａ＆Ｄホロンホールディングス
7746,岡本硝子
7747,朝日インテック
7749,メディキット
7751,キヤノン
7752,リコー
7760,ＩＭＶ
7762,シチズン時計
7769,リズム
7771,日本精密
7774,ジャパン・ティッシュ・エンシ
7775,大研医器
7776,セルシード
7777,スリー・ディー・マトリックス
7779,ＣＹＢＥＲＤＹＮＥ
7780,メニコン
7781,平山ホールディングス
7782,シンシア
7791,ドリームベッド
7792,コラントッテ
7793,イメージ・マジック
7800,アミファ
7803,ブシロード
7804,ビーアンドピー
7805,プリントネット
7806,ＭＴＧ
7807,幸和製作所
7808,シー・エス・ランバー
7809,壽屋
7810,クロスフォー
7811,中本パックス
7812,クレステック
7813,プラッツ
7814,日本創発グループ
7815,東京ボード工業
7816,スノーピーク
7817,パラマウントベッドＨＤ
7818,トランザクション
7819,粧美堂
7820,ニホンフラッシュ
7821,前田工繊
7822,永大産業
7823,アートネイチャー
7826,フルヤ金属
7827,オービス
7829,サマンサタバサジャパン
7831,ウイルコホールディングス
7832,バンダイナムコＨＬＤＧＳ
7833,アイフィスジャパン
7836,アビックス
7837,アールシーコア
7838,共立印刷
7839,ＳＨＯＥＩ
7840,フランスベッドＨＬＤＧＳ
7841,遠藤製作所
7844,マーベラス
7846,パイロットコーポレーション
7847,グラファイトデザイン
7849,スターツ出版
7850,総合商研
7851,カワセコンピュータサプライ
7856,萩原工業
7857,セキ
7859,アルメディオ
7860,エイベックス
7863,平賀
7864,フジシールインターナショナル
7865,ピープル
7867,タカラトミー
7868,広済堂ホールディングス
7871,フクビ化学工業
7872,エステールホールディングス
7874,レック
7875,竹田印刷
7877,永大化工
7878,光・彩
7879,ノダ
7883,サンメッセ
7885,タカノ
7886,ヤマト・インダストリー
7887,南海プライウッド
7888,三光合成
7893,プロネクサス
7895,中央化学
7896,セブン工業
7897,ホクシン
7898,ウッドワン
7899,ＭＩＣＳ化学
7901,マツモト
7902,ソノコム
7905,大建工業
7906,ヨネックス
7908,きもと
7911,凸版印刷
7912,大日本印刷
7914,共同印刷
7915,ＮＩＳＳＨＡ
7916,光村印刷
7917,藤森工業
7918,ヴィア・ホールディングス
7919,野崎印刷
7921,ＴＡＫＡＲＡ＆ＣＯＭＰＡＮＹ
7922,三光産業
7923,トーイン
7925,前澤化成工業
7927,ムトー精工
7928,旭化学工業
7931,未来工業
7932,ニッピ
7936,アシックス
7937,ツツミ
7938,リーガルコーポレーション
7939,研創
7940,ウェーブロックＨＬＤＧＳ
7942,ジェイエスピー
7943,ニチハ
7944,ローランド
7945,コマニー
7946,光陽社
7947,エフピコ
7949,小松ウオール工業
7951,ヤマハ
7952,河合楽器
7953,菊水化学工業
7955,クリナップ
7956,ピジヨン
7957,フジコピアン
7958,天馬
7961,兼松サステック
7962,キングジム
7963,興研
7965,象印マホービン
7966,リンテック
7970,信越ポリマー
7971,東リ
7972,イトーキ
7974,任天堂
7975,リヒトラブ
7976,三菱鉛筆
7979,松風
7980,重松製作所
7981,タカラスタンダ－ド
7983,ミロク
7984,コクヨ
7985,ネポン
7986,日本アイ・エス・ケイ
7987,ナカバヤシ
7988,ニフコ
7989,立川ブラインド
7990,グローブライド
7991,マミヤ・オーピー
7992,セーラー万年筆
7994,オカムラ
7995,バルカー
7997,くろがね工作所
7999,ＭＵＴＯＨホールディングス
8001,伊藤忠
8002,丸紅
8005,スクロール
8006,ユアサ・フナシヨク
8007,高島
8008,ヨンドシーホールディングス
8011,三陽商会
8012,長瀬産業
8013,ナイガイ
8014,蝶理
8015,豊田通商
8016,オンワ－ドホールディングス
8018,三共生興
8020,兼松
8022,美津濃
8023,大興電子通信
8025,ツカモトコーポレーション
8029,ルックホールディングス
8030,中央魚類
8031,三井物産
8032,日本紙パルプ
8035,東京エレクトロン
8037,カメイ
8038,東都水産
8039,築地魚市場
8040,東京ソワール
8041,ＯＵＧホールディングス
8043,スターゼン
8045,横浜丸魚
8046,丸藤シ－トパイル
8050,セイコーＨＤ
8051,山善
8052,椿本興業
8053,住友商事
8056,ＢＩＰＲＯＧＹ
8057,内田洋行
8058,三菱商事
8059,第一実業
8060,キヤノンマーケティングＪＰＮ
8061,西華産業
8065,佐藤商事
8066,三谷商事
8068,菱洋エレクトロ
8070,東京産業
8072,日本出版貿易
8074,ユアサ商事
8075,神鋼商事
8077,トルク
8078,阪和興業
8079,正栄食品
8081,カナデン
8084,菱電商事
8085,ナラサキ産業
8086,ニプロ
8088,岩谷産業
8089,ナイス
8091,ニチモウ
8093,極東貿易
8095,アステナホールディングス
8096,兼松エレクトロニクス
8097,三愛オブリ
8098,稲畑産業
8101,ＧＳＩクレオス
8103,明和産業
8104,クワザワホールディングス
8105,堀田丸正
8107,キムラタン
8111,ゴ－ルドウイン
8113,ユニ・チヤ－ム
8114,デサント
8115,ムーンバット
8117,中央自動車
8118,キング
8119,三栄コーポレーシヨン
8123,川辺
8125,ワキタ
8127,ヤマトインタ－ナシヨナル
8129,東邦ホールディングス
8130,サンゲツ
8131,ミツウロコグループ
8132,シナネンホールディングス
8133,伊藤忠エネクス
8135,ゼット
8136,サンリオ
8137,サンワテクノス
8138,三京化成
8139,ナガホリ
8140,リョーサン
8141,新光商事
8142,トーホー
8143,ラピーヌ
8144,電響社
8147,トミタ
8150,三信電気
8151,東陽テクニカ
8152,ソマール
8153,モスフードサービス
8154,加賀電子
8155,三益半導体
8157,都築電気
8158,ソーダニツカ
8159,立花エレテック
8160,木曽路
8163,ＳＲＳホールディングス
8165,千趣会
8166,タカキユー
8167,リテールパートナーズ
8168,ケーヨー
8173,上新電機
8174,日本瓦斯
8179,ロイヤルホールディングス
8181,東天紅
8182,いなげや
8185,チヨダ
8194,ライフコ－ポレ－ション
8198,マックスバリュ東海
8200,リンガーハツト
8202,ラオックス
8203,ＭｒＭａｘＨＤ
8207,テンアライド
8208,エンチヨー
8209,フレンドリー
8214,ＡＯＫＩホールディングス
8215,銀座山形屋
8217,オークワ
8218,コメリ
8219,青山商事
8225,タカチホ
8226,理経
8227,しまむら
8230,はせがわ
8233,高島屋
8237,松屋
8242,エイチ・ツー・オーリテイリング
8244,近鉄百貨店
8247,大和
8249,テクノアソシエ
8252,丸井グループ
8253,クレディセゾン
8254,さいか屋
8255,アクシアルリテイリング
8256,プロルート丸光
8260,井筒屋
8267,イオン
8273,イズミ
8275,フオーバル
8276,平和堂
8278,フジ
8279,ヤオコー
8281,ゼビオホールディングス
8282,ケーズホールディングス
8283,ＰＡＬＴＡＣ
8285,三谷産業
8289,ＯＬＹＭＰＩＣグループ
8291,日産東京販売ＨＤ
8301,日本銀行
8303,新生銀行
8304,あおぞら銀行
8306,三菱ＵＦＪフィナンシャルＧ
8308,りそなホールディングス
8309,三井住友トラストＨＤ
8316,三井住友フィナンシャルＧ
8331,千葉銀行
8334,群馬銀行
8336,武蔵野銀行
8337,千葉興業銀行
8338,筑波銀行
8341,七十七銀行
8343,秋田銀行
8344,山形銀行
8345,岩手銀行
8346,東邦銀行
8349,東北銀行
8354,ふくおかフィナンシャルＧ
8355,静岡銀行
8358,スルガ銀行
8359,八十二銀行
8360,山梨中央銀行
8361,大垣共立銀行
8362,福井銀行
8364,清水銀行
8365,富山銀行
8366,滋賀銀行
8367,南都銀行
8368,百五銀行
8369,京都銀行
8370,紀陽銀行
8377,ほくほくフィナンシャルＧ
8381,山陰合同銀行
8382,中国銀行
8383,鳥取銀行
8385,伊予銀行
8386,百十四銀行
8387,四国銀行
8388,阿波銀行
8392,大分銀行
8393,宮崎銀行
8395,佐賀銀行
8399,琉球銀行
8410,セブン銀行
8411,みずほフィナンシャルＧ
8416,高知銀行
8418,山口フィナンシャルＧ
8421,信金中金優先出資
8424,芙蓉総合リース
8425,みずほリース
8439,東京センチュリー
8462,フューチャーベンチャーキャピ
8473,ＳＢＩホールディングス
8508,Ｊトラスト
8511,日本証券金融
8515,アイフル
8518,日本アジア投資
8521,長野銀行
8522,名古屋銀行
8524,北洋銀行
8527,愛知銀行
8530,中京銀行
8537,大光銀行
8541,愛媛銀行
8542,トマト銀行
8544,京葉銀行
8550,栃木銀行
8551,北日本銀行
8558,東和銀行
8562,福島銀行
8563,大東銀行
8566,リコーリース
8570,イオンフィナンシャルサービス
8572,アコム
8584,ジャックス
8585,オリコ
8591,オリックス
8593,三菱ＨＣキャピタル
8595,ジャフコグループ
8596,九州リースサービス
8600,トモニホールディングス
8601,大和証券Ｇ本社
8604,野村ホールディングス
8609,岡三証券グループ
8613,丸三証券
8614,東洋証券
8616,東海東京ＨＤ
8617,光世証券
8622,水戸証券
8624,いちよし証券
8628,松井証券
8630,ＳＯＭＰＯホールディングス
8697,日本取引所グループ
8698,マネックスＧ
8699,ＨＳホールディングス
8700,丸八証券
8704,トレイダーズＨＬＤＧＳ
8705,岡藤日産証券ＨＤ
8706,極東証券
8707,岩井コスモホールディング
8708,アイザワ証券グループ
8713,フィデアホール
8714,池田泉州ＨＤ
8715,アニコムホールディングス
8725,ＭＳ＆ＡＤ
8732,マネーパートナーズＧＰ
8737,あかつき本社
8739,スパークス・グループ
8742,小林洋行
8746,第一商品
8747,豊トラスティ証券
8750,第一生命ＨＬＤＧＳ
8766,東京海上ＨＤ
8769,アドバンテッジリスクマネ
8771,イー・ギャランティ
8772,アサックス
8783,ＧＦＡ
8789,フィンテックグローバル
8793,ＮＥＣキャピタルソリューション
8795,Ｔ＆Ｄホールディングス
8798,アドバンスクリエイト
8801,三井不動産
8802,三菱地所
8803,平和不動産
8804,東京建物
8818,京阪神ビルディング
8830,住友不動産
8835,太平洋興発
8836,ＲＩＳＥ
8841,テーオーシー
8842,東京楽天地
8844,コスモスイニシア
8848,レオパレス２１
8850,スターツコーポレーション
8854,日住サービス
8860,フジ住宅
8864,空港施設
8869,明和地所
8871,ゴールドクレスト
8876,リログループ
8877,エスリード
8881,日神グループＨＬＤＧＳ
8886,ウッドフレンズ
8887,リベレステ
8889,ＡＰＡＭＡＮ
8890,レーサム
8891,ＡＭＧホールディングス
8892,日本エスコン
8893,新日本建物
8894,ＲＥＶＯＬＵＴＩＯＮ
8897,タカラレーベン
8898,センチュリー２１・ジャパン
8903,サンウッド
8904,ＡＶＡＮＴＩＡ
8905,イオンモール
8908,毎日コムネット
8909,シノケングループ
8912,エリアクエスト
8914,エリアリンク
8917,ファースト住建
8918,ランド
8919,カチタス
8920,東祥
8923,トーセイ
8925,アルデプロ
8927,明豊エンタープライズ
8928,穴吹興産
8929,青山財産ネットワークス
8931,和田興産
8934,サンフロンティア不動産
8935,ＦＪネクストホールディングス
8938,グローム・ホールディングス
8940,インテリックス
8944,ランドビジネス
8945,サンネクスタグループ
8946,ＡＳＩＡＮＳＴＡＲ
8951,日本ビルファンド
8952,ジャパンリアルエステイト
8953,日本都市ファンド
8954,オリックス不動産投資
8955,日本プライムリアルティ
8956,ＮＴＴ都市開発リート投
8957,東急リアル・エステート
8958,グローバル・ワン不動産
8960,ユナイテッドアーバン投資
8961,森トラスト総合リート
8963,インヴィンシブル投資法
8964,フロンティア不動産投資
8966,平和不動産リート
8967,日本ロジスティクスＦ
8968,福岡リート
8972,ケネディクス・オフィス投資
8975,いちごオフィスリート投
8976,大和証券オフィス投資
8977,阪急阪神リート
8979,スターツプロシード投資
8984,大和ハウスリート
8985,ジャパン・ホテル・リート
8986,大和証券リビング投
8987,ジャパンエクセレント投資
8995,誠建設工業
8999,グランディハウス
9001,東武鉄道
9003,相鉄ホールディングス
9005,東急
9006,京浜急行
9007,小田急電鉄
9008,京王電鉄
9009,京成電鉄
9010,富士急行
9012,秩父鉄道
9014,新京成電鉄
9017,新潟交通
9020,東日本旅客鉄道
9021,西日本旅客鉄道
9022,東海旅客鉄道
9024,西武ホールディングス
9025,鴻池運輸
9028,ゼロ
9029,ヒガシトゥエンティワン
9031,西日本鉄道
9033,広島電鉄
9034,南総通運
9036,東部ネットワーク
9037,ハマキョウレックス
9039,サカイ引越センター
9041,近鉄グループＨＬＤＧＳ
9042,阪急阪神ＨＬＤＧＳ
9044,南海電鉄
9045,京阪ホールディングス
9046,神戸電鉄
9048,名古屋鉄道
9049,京福電鉄
9051,センコン物流
9052,山陽電鉄
9055,アルプス物流
9057,遠州トラック
9058,トランコム
9059,カンダホールディングス
9060,日本ロジテム
9063,岡山県貨物運送
9064,ヤマトホールディングス
9065,山九
9066,日新
9067,丸運
9068,丸全昭和運輸
9069,センコーグループＨＬＤＧＳ
9070,トナミホールディングス
9072,ニッコンホールディングス
9073,京極運輸
9074,日石輸送
9075,福山通運
9076,セイノーホールディングス
9078,エスライン
9081,神奈川中央交通
9082,大和自動車
9083,神姫バス
9086,日立物流
9087,タカセ
9090,丸和運輸機関
9099,Ｃ＆Ｆロジホールディングス
9101,日本郵船
9104,商船三井
9107,川崎汽船
9110,ＮＳユナイテッド海運
9115,明治海運
9119,飯野海運
9127,玉井商船
9130,共栄タンカー
9142,九州旅客鉄道
9143,ＳＧホールディングス
9145,ビーイングＨＬＤＧＳ
9147,ＮＩＰＰＯＮＥＸＰＲＥＳＳ
9171,栗林商船
9173,東海汽船
9193,東京汽船
9201,日本航空
9202,ＡＮＡホールディングス
9206,スターフライヤー
9211,エフ・コード
9212,ＧＲＥＥＮＥＡＲＴＨＩＮＳＴ
9213,セイファート
9214,ＲＥＣＯＶＥＲＹＩＮＴＥＲＮＡ
9215,ＣＡＳＹ
9216,ビーウィズ
9218,メンタルヘルステクノロジーズ
9219,ギックス
9220,エフビー介護サービス
9221,フルハシＥＰＯ
9232,パスコ
9233,アジア航測
9240,デリバリーコンサルティング
9241,フューチャーリンクネットワーク
9242,メディア総研
9244,デジタリフト
9245,リベロ
9246,プロジェクトカンパニー
9247,ＴＲＥホールディングス
9248,人・夢・技術グループ
9249,日本エコシステム
9250,ＧＲＣＳ
9251,ＡＢ＆ＣＯＭＰＡＮＹ
9252,ラストワンマイル
9253,スローガン
9254,ラバブルマーケティング
9256,サクシード
9257,ＹＣＰホールディングス
9258,ＣＳ－Ｃ
9259,タカヨシ
9260,西本ＷＩＳＭＥＴＴＡＣＨＤ
9262,シルバーライフ
9263,ビジョナリーＨＬＤＧＳ
9264,ポエック
9265,ヤマシタヘルスケアＨＬＤＧＳ
9267,ＧＥＮＫＹＤＲＵＧＳＴＯＲＥＳ
9268,オプティマスグループ
9270,バリュエンスＨＬＤＧＳ
9271,和心
9272,ブティックス
9273,コーア商事ＨＬＤＧＳ
9274,国際紙パルプ商事
9275,ナルミヤ・インターナショナル
9278,ブックオフＧＨＤ
9279,ギフトホールディングス
9281,タカラレーベン・インフラ投
9282,いちごグリーンインフラ
9283,日本再生可能エネ
9284,カナディアン・ソーラーインフラ
9285,東京インフラ・エネルギー
9286,エネクス・インフラ投資法
9287,ジャパン・インフラ投資
9301,三菱倉庫
9302,三井倉庫ＨＯＬＤ
9303,住友倉庫
9304,渋沢倉庫
9305,ヤマタネ
9306,東陽倉庫
9307,杉村倉庫
9308,乾汽船
9310,日本トランスシティ
9311,アサガミ
9312,ケイヒン
9313,丸八倉庫
9318,アジア開発キャピタル
9319,中央倉庫
9322,川西倉庫
9324,安田倉庫
9325,ファイズホールディングス
9326,関通
9327,イー・ロジット
9351,東洋埠頭
9353,桜島埠頭
9355,リンコーコーポレーション
9360,鈴与シンワート
9361,伏木海陸運送
9362,兵機海運
9363,大運
9364,上組
9365,トレーディア
9366,サンリツ
9367,大東港運
9368,キムラユニティー
9369,キユーソー流通システム
9375,近鉄エクスプレス
9376,ユーラシア旅行社
9377,エージーピー
9380,東海運
9381,エーアイテイー
9384,内外トランスライン
9385,ショーエイコーポ
9386,日本コンセプト
9399,ビートＨＬＤＧＳリミテッド
9401,ＴＢＳホールディングス
9404,日本テレビＨＬＤＳ
9405,朝日放送グループＨＤ
9408,新潟放送
9409,テレビ朝日ＨＤ
9412,スカパーＪＳＡＴＨＤ
9413,テレビ東京ＨＤ
9414,日本ＢＳ放送
9416,ビジョン
9417,スマートバリュー
9418,ＵＳＥＮ－ＮＥＸＴＨＬＤＧＳ
9419,ワイヤレスゲート
9421,エヌジェイホールディングス
9422,コネクシオ
9423,フォーバル・リアルストレート
9424,日本通信
9425,日本テレホン
9428,クロップス
9432,日本電信電話
9433,ＫＤＤＩ
9434,ソフトバンク
9435,光通信
9436,沖縄セルラー電話
9438,エムティーアイ
9439,エム・エイチ・グループ
9441,ベルパーク
9444,トーシンホールディングス
9445,フォーバルテレコム
9446,サカイホールディングス
9449,ＧＭＯインターネット
9450,ファイバーゲート
9466,アイドママーケティングコミュ
9467,アルファポリス
9468,ＫＡＤＯＫＡＷＡ
9470,学研ホールディングス
9474,ゼンリン
9475,昭文社ホールディングス
9476,中央経済社ＨＬＤＧＳ
9478,ＳＥホール＆インキュベ
9479,インプレスホールディングス
9501,東京電力ＨＤ
9502,中部電力
9503,関西電力
9504,中国電力
9505,北陸電力
9506,東北電力
9507,四国電力
9508,九州電力
9509,北海道電力
9511,沖縄電力
9513,電源開発
9514,エフオン
9517,イーレックス
9519,レノバ
9522,リニューアブル・ジャパン
9531,東京瓦斯
9532,大阪瓦斯
9533,東邦瓦斯
9534,北海道瓦斯
9535,広島ガス
9536,西部ガスＨＬＤＧＳ
9537,北陸瓦斯
9539,京葉瓦斯
9543,静岡ガス
9551,メタウォーター
9600,アイネット
9601,松竹
9602,東宝
9603,エイチ・アイ・エス
9605,東映
9610,ウィルソンＷＬＷ
9612,ラックランド
9613,ＮＴＴデータ
9616,共立メンテナンス
9619,イチネンホールディングス
9621,建設技術研究所
9622,スペース
9625,セレスポ
9627,アインホールディングス
9628,燦ホールディングス
9629,ピー・シー・エー
9631,東急レクリエーシヨン
9632,スバル興業
9633,東京テアトル
9635,武蔵野興業
9636,きんえい
9637,オーエス
9639,三協フロンテア
9640,セゾン情報システムズ
9641,サコス
9644,タナベ経営
9647,協和コンサルタンツ
9651,日本プロセス
9656,グリーンランドリゾート
9658,ビジネスＢ太田昭和
9661,歌舞伎座
9663,ナガワ
9672,東京都競馬
9675,常磐興産
9678,カナモト
9679,ホウライ
9682,ＤＴＳ
9684,スクウェア・エニックス・ＨＤ
9685,ＫＹＣＯＭホールディングス
9686,東洋テック
9687,ＫＳＫ
9691,両毛システムズ
9692,シーイーシー
9696,ウィザス
9697,カプコン
9698,クレオ
9699,西尾レントオール
9701,東京会館
9702,アイ・エス・ビー
9704,アゴーラホスピタリティーＧ
9706,日本空港ビルデング
9708,帝国ホテル
9709,ＮＣＳ＆Ａ
9713,ロイヤルホテル
9715,トランス・コスモス
9716,乃村工藝社
9717,ジャステック
9719,ＳＣＳＫ
9720,ホテルニユ－グランド
9722,藤田観光
9723,京都ホテル
9726,ＫＮＴ－ＣＴホールディングス
9728,日本管財
9729,トーカイ
9731,白洋舎
9733,ナガセ
9734,精養軒
9735,セコム
9739,日本システムウエア
9740,セントラル警備保障
9742,アイネス
9743,丹青社
9744,メイテツク
9746,ＴＫＣ
9749,富士ソフト
9753,アイエックス・ナレッジ
9755,応用地質
9757,船井総研ホールディン
9759,ＮＳＤ
9760,進学会ホールディングス
9761,東海リース
9763,丸紅建材リース
9765,オオバ
9766,コナミホールディングス
9767,日建工学
9768,いであ
9769,学究社
9776,札幌臨床検査センター
9778,昴
9780,ハリマビステム
9782,ディーエムエス
9783,ベネッセホールディングス
9787,イオンディライト
9788,ナック
9790,福井コンピュータＨＬＤＳ
9791,ビケンテクノ
9793,ダイセキ
9795,ステップ
9799,旭情報サービス
9810,日鉄物産
9812,テーオーホールディングス
9816,ストライダーズ
9818,大丸エナウィン
9820,エムティジェネックス
9823,マミーマート
9824,泉州電業
9827,リリカラ
9828,元気寿司
9830,トラスコ中山
9831,ヤマダホールディングス
9832,オートバックスセブン
9835,ジュンテンドー
9837,モリト
9842,アークランドサカモト
9843,ニトリホールディングス
9845,パーカーコーポレーション
9846,天満屋ストア
9849,共同紙販ＨＤ
9850,グルメ杵屋
9852,ＣＢグループマネジメント
9853,銀座ルノアール
9854,愛眼
9856,ケーユーホールディングス
9857,英和
9861,吉野家ホールディングス
9867,ソレキア
9869,加藤産業
9872,北恵
9873,日本ＫＦＣホールディング
9876,コックス
9878,セキド
9880,イノテック
9882,イエローハット
9885,シャルレ
9887,松屋フーズＨＬＤＧＳ
9888,ＵＥＸ
9889,ＪＢＣＣホールディングス
9890,マキヤ
9895,コンセック
9896,ＪＫホールディングス
9900,サガミホールディングス
9902,日伝
9903,カンセキ
9904,ベリテ
9906,藤井産業
9908,日本電計
9913,日邦産業
9914,植松商会
9919,関西フードマーケット
9927,ワットマン
9928,ミロク情報サービス
9929,平和紙業
9930,北沢産業
9932,杉本商事
9934,因幡電機産業
9936,王将フードサービス
9941,太洋物産
9945,プレナス
9946,ミニストップ
9948,アークス
9950,ハチバン
9955,ヨンキュウ
9956,バローホールディングス
9959,アシードホールディングス
9960,東テク
9962,ミスミグループ本社
9964,アイ・テック
9967,堺商事
9969,ショクブン
9972,アルテック
9973,小僧寿し
9974,ベルク
9976,セキチュー
9977,アオキスーパー
9978,文教堂グループＨＤ
9979,大庄
9980,ＭＲＫホールディングス
9982,タキヒヨー
9983,ファーストリテイリング
9984,ソフトバンクグループ
9986,蔵王産業
9987,スズケン
9989,サンドラッグ
9990,サックスバーホールディング
9991,ジェコス
9993,ヤマザワ
9994,やまや
9995,グローセル
9996,サトー商会
9997,ベルーナ
